timestamp,ticker,return_pct,sharpe,max_drawdown,win_rate,trades,final_value,initial_capital,lookback_window,label_threshold,learning_rate,phase_flexibility,lateral_strength,input_threshold,kerr_constant,system_energy,buy_threshold,sell_threshold,search_depth,trailing_stop_pct,accuracy
2025-12-01 11:26:03,NVDA,4.252654685974122,4.023903389461485,-0.29%,67.54%,115,10425.265468597412,10000,30,0.012146887795836872,0.10645487514831467,0.12938711452693347,0.24914423293403887,0.722189895209874,0.3010665038631883,59.91158546828183,20.212644715522387,-32.244219156997964,3,0.04531897404623736,56.98924731182796
2025-12-01 11:26:16,NVDA,4.398988914489746,3.1144268099956687,-0.28%,52.08%,145,10439.898891448975,10000,35,0.017690980169524823,0.11233889818730075,0.13675169094425083,0.24729263135747584,0.7358731008658121,0.29985416774641294,49.64092241902782,29.139997400402095,-26.437963055986145,3,0.07856830427973036,53.69565217391305
2025-12-01 11:26:27,NVDA,4.4466103744506835,2.704914018348611,-0.29%,48.41%,158,10444.661037445068,10000,30,0.021587392810094072,0.11587490707451897,0.14268029854419573,0.15150010335109657,0.7366036278708128,0.25309639061915323,47.91960572885162,30.53483069783118,-27.552102024799538,3,0.06973513829547284,52.25806451612903
2025-12-01 11:26:37,NVDA,2.710923194885254,0.9973735593308821,-0.52%,48.41%,127,10271.092319488525,10000,25,0.016573157754363528,0.09972220311791138,0.13072310939246812,0.15733817918329782,0.7727008139099589,0.300631665895802,56.640400797673585,33.08007199833732,-19.634916712987504,3,0.07565252881476077,52.97872340425533
2025-12-01 11:26:48,NVDA,3.0207578277587888,1.3560318788984835,-0.34%,51.56%,129,10302.075782775879,10000,25,0.014871736917748787,0.1386497449044643,0.16934531657670393,0.15335060962928554,0.7576478311786415,0.3842773329426503,53.65710371715184,30.478409103460756,-15.470682080654004,3,0.056495351529406844,55.53191489361702
2025-12-01 11:26:58,NVDA,4.216436386108398,2.6909936284154687,-0.37%,54.42%,148,10421.64363861084,10000,30,0.01567795232481214,0.14917160407047403,0.09997830790086157,0.1490859248588751,0.7686877174915985,0.25892481526075994,42.5072842291741,15.802187696165621,-32.49645698719471,3,0.05751330272713531,53.76344086021505
2025-12-01 11:27:09,NVDA,2.266199493408203,0.30347046920154935,-0.63%,43.90%,124,10226.61994934082,10000,25,0.016854677891318084,0.0873163924621654,0.09270555337996822,0.13978921847108308,0.7740081607741013,0.33279947721753456,53.470116560605035,33.26773005320106,-24.084650493666793,3,0.0452647776396038,53.61702127659574
2025-12-01 11:27:19,NVDA,1.74621524810791,0.2088404089758531,-0.60%,54.46%,102,10174.621524810791,10000,25,0.011188700689027546,0.056326526872759845,0.06127945779365767,0.17490643523329338,0.7738525485183139,0.37178065333606614,44.90993824984203,35.00896528038125,-34.04997656138382,3,0.05813545113665272,57.234042553191486
2025-12-01 11:27:34,NVDA,4.512940216064453,4.652646607989088,-0.42%,66.06%,110,10451.294021606445,10000,30,0.012729550455869591,0.06305494698029382,0.08800730149459868,0.2282700915984048,0.7087658835785411,0.13335579868004682,41.60788616023144,16.333915232954812,-24.04280902359182,3,0.07045763359100625,55.91397849462365
2025-12-01 11:27:52,NVDA,4.612838134765624,4.834118211333027,-0.19%,66.09%,116,10461.283813476562,10000,30,0.013862006068115554,0.06450176846228464,0.1749322623740059,0.21402133487128205,0.7905520137716356,0.1078415052567,55.91332930500226,23.079186935063333,-29.589182856533817,3,0.06875367924217335,56.774193548387096
2025-12-01 11:28:02,NVDA,0.0,,,,0,0,10000,30,0.023548198531144045,0.08927843579723319,0.1633301107183321,0.2509610097804532,0.7738647164467135,0.17686459992534476,54.84760767311697,21.283444753469766,-20.72163024463271,3,0.06361859880440034,0.0
2025-12-01 11:28:18,NVDA,2.4154981994628906,0.5009077774351189,-0.42%,48.84%,130,10241.549819946289,10000,25,0.016524510009164047,0.1036811867612161,0.08289619582081051,0.16437974277309,0.7691764246206764,0.22590803272378768,57.698511343077925,33.679005159887524,-32.68362097851264,3,0.05222286278114316,55.53191489361702
2025-12-01 11:28:38,NVDA,4.217609519958496,3.615414106295289,-0.30%,63.56%,119,10421.76095199585,10000,30,0.011725685404754256,0.14529630480518177,0.16858918108548365,0.18692259248602838,0.7089134126275909,0.27846204572614164,56.93986556823755,21.038138855110354,-28.287544620443974,3,0.048642810041253225,56.98924731182796
2025-12-01 11:29:44,NVDA,4.403331871032715,3.513937729715118,-0.41%,62.02%,130,10440.333187103271,10000,35,0.01399979393117844,0.11610787749915506,0.08483461219614902,0.24916094283103093,0.7415635323773118,0.1062553253484403,53.32958694591426,10.770904772449516,-13.184081375128176,3,0.059693453578958125,55.869565217391305
2025-12-01 11:29:53,NVDA,3.916990051269531,2.2981109923320826,-0.28%,50.00%,139,10391.699005126953,10000,35,0.019091194200850994,0.07510587603311933,0.1144283161540296,0.12388023941796722,0.7348011606112653,0.3574173735322498,53.35278505559859,14.788697709735418,-16.261374254453735,3,0.05315479529623084,54.565217391304344
2025-12-01 11:30:03,NVDA,4.016133651733399,2.085064173873601,-0.18%,49.69%,160,10401.61336517334,10000,30,0.02211807898717664,0.08509262441380322,0.16956176893790043,0.2043898117844186,0.7339286124525162,0.30242932291427954,41.685781881248026,5.760223576284482,-17.61997085621424,3,0.07317310563568716,50.967741935483865
2025-12-01 11:30:12,NVDA,2.8826537704467774,1.404061473942476,-0.46%,55.26%,115,10288.265377044678,10000,25,0.012932936202624812,0.13438969336622497,0.10486404810269603,0.1968337753060737,0.7073314756354568,0.23384083399728994,46.03749575650755,9.134629244654484,-6.1944804890261995,3,0.046090159204263736,58.29787234042553
2025-12-01 11:30:21,NVDA,4.74061222076416,3.915332261013129,-0.18%,60.00%,136,10474.061222076416,10000,30,0.016042893493314683,0.08912901135527607,0.17430008576682707,0.2881338634261041,0.7178826746810164,0.16181427381462815,49.16939470545667,10.369843218844654,-10.072940496025785,3,0.04794157719264146,52.903225806451616
2025-12-01 11:30:31,NVDA,2.4454521560668945,0.8539227308298315,-0.32%,51.79%,113,10244.54521560669,10000,25,0.013154288617224385,0.13487809662591158,0.15911237349663188,0.10693953348821626,0.7299372828860343,0.21719528750670994,44.30230229346089,18.497825226541874,-17.739473820147673,3,0.043990944459199065,57.234042553191486
2025-12-01 11:30:40,NVDA,2.9893157958984373,1.0347950488888988,-0.41%,47.45%,138,10298.931579589844,10000,25,0.018989803930799444,0.1382323980646015,0.13091592249400347,0.13286633498494432,0.7017353994309293,0.2647394721306165,59.836313230330276,12.62256540598938,-19.3492547043608,3,0.043543934195307,52.97872340425533
2025-12-01 11:30:50,NVDA,2.295766944885254,0.2579185294344352,-0.59%,46.46%,128,10229.576694488525,10000,25,0.020146645073729586,0.05524085878921806,0.12049217283553904,0.1302735334508813,0.7407456817963465,0.34565084385271594,53.47803262242739,19.498763118617454,-8.42824138129259,3,0.07824727055931531,52.55319148936171
2025-12-01 11:30:59,NVDA,2.6460290908813477,1.1434355273075227,-0.33%,53.85%,118,10264.602909088135,10000,25,0.011389916156568853,0.14693013917739803,0.08070874111737697,0.14670379476981724,0.7760560285283634,0.2339411526538917,55.37253855613549,17.47251999873602,-18.427846190636277,3,0.05492328793779261,59.148936170212764
2025-12-01 11:31:08,NVDA,3.3850573348999027,3.131369162919515,-0.33%,60.95%,106,10338.50573348999,10000,30,0.010509815864630085,0.05557118665204933,0.09370276103936193,0.17836638875111954,0.769379580019479,0.11561811485397457,42.51143595536466,16.219979637326034,-6.800552310789621,3,0.061440839226751504,56.774193548387096
2025-12-01 11:31:17,NVDA,4.98262279510498,4.441358287277307,-0.17%,58.27%,128,10498.262279510498,10000,35,0.015140741873041638,0.10706075902308107,0.0966132782287395,0.2494526015802984,0.7391753997653001,0.33507291979759096,40.443483089798825,8.684678933751886,-11.633803107109928,3,0.07013381186081807,57.826086956521735
2025-12-01 11:31:26,NVDA,4.2330307769775395,3.188595824550736,-0.19%,53.62%,139,10423.303077697754,10000,30,0.01766179918965415,0.11016292977863268,0.18801696667834683,0.246790227180027,0.7677935917507684,0.13982652331890325,42.079057635130376,16.132737753481663,-10.015212681155152,3,0.05008677025883368,53.333333333333336
2025-12-01 11:31:36,NVDA,2.4925685501098633,0.5563202829717449,-0.51%,48.06%,130,10249.256855010986,10000,25,0.016199155411693065,0.12706711871589954,0.08145389063854783,0.11516038647168472,0.7107202162176026,0.15719066389504632,49.504684524681295,18.87687058642736,-5.780607320870244,3,0.06934431739400007,54.04255319148936
2025-12-01 11:31:45,NVDA,3.7075078582763674,1.8695192641622038,-0.30%,50.00%,151,10370.750785827637,10000,30,0.022127077170154497,0.06638930919373713,0.15468571183602073,0.2919025804345604,0.733570746099281,0.3212263725633393,41.0775505376433,11.928930093292276,-16.36956613155292,3,0.06697271855058076,50.10752688172043
2025-12-01 11:31:54,NVDA,4.265573234558105,2.8902586717304644,-0.35%,52.78%,145,10426.55732345581,10000,30,0.019278370304067906,0.11587638255683888,0.07160605198481633,0.19521493653447958,0.7151612753153624,0.1576635937833016,43.42037721881323,17.239681861611142,-10.894415169505752,3,0.06391047962217264,51.61290322580645
2025-12-01 11:32:03,NVDA,2.494451713562012,0.3338558297609822,-0.44%,45.65%,139,10249.445171356201,10000,25,0.01929050238672149,0.09889025141635605,0.14449014097550655,0.11950928365938594,0.7656147908946028,0.2597531029293686,40.06771273083617,12.141084118071689,-18.59742242965415,3,0.06456478118589143,52.12765957446809
2025-12-01 11:32:12,NVDA,4.6349373626708985,3.621827245416887,-0.18%,52.94%,137,10463.49373626709,10000,35,0.017115481618851316,0.12341222311724911,0.09306468484632263,0.2177183123631567,0.7429966419539825,0.20653148058264068,45.42970860042785,9.868326104853878,-11.807210502662604,3,0.07082063929387904,56.30434782608695
2025-12-01 11:32:22,NVDA,4.07383918762207,3.9421048316590728,-0.42%,65.14%,110,10407.383918762207,10000,30,0.011483902203205033,0.05441698789164067,0.17688016303955362,0.21556678264498075,0.7169299375684594,0.11868827131692133,57.441879657275635,11.017066663689059,-8.650556379066979,3,0.06570055616295901,56.55913978494623
2025-12-01 11:32:34,NVDA,4.117109680175781,2.8908254967411895,-0.19%,54.23%,143,10411.710968017578,10000,30,0.01642545200847802,0.12465207793850137,0.10601989954705185,0.26729176304932467,0.7846314281179415,0.2854256529076943,41.485832941782775,8.549675982361391,-11.388138417541354,3,0.05868812012171544,53.5483870967742
2025-12-01 11:32:51,NVDA,4.15303897857666,2.7609636135368576,-0.14%,54.86%,145,10415.303897857666,10000,35,0.016404391799025374,0.13879031122844615,0.12114013762366906,0.11711942774869695,0.7910445054312799,0.1291244805199666,58.392765850340155,12.070207102513297,-14.344479000442368,3,0.044983755420529875,52.60869565217391
2025-12-01 11:33:00,NVDA,3.281314735412598,0.9610737696319284,-0.16%,45.68%,163,10328.13147354126,10000,35,0.022575029709127115,0.13125471646477288,0.092035470930559,0.10297167437355076,0.7952070868063442,0.3891801019043728,47.09799705119008,11.063481995278671,-10.328077086051476,3,0.06947797468096788,51.52173913043478
2025-12-01 11:33:14,NVDA,2.658783836364746,0.8267865647575154,-0.37%,46.21%,133,10265.878383636475,10000,25,0.023173631119877382,0.06525129038385968,0.0973867188455276,0.2571587187367309,0.7067687013711973,0.11053740391947013,51.247943681763985,13.182960434030358,-18.550568891252055,3,0.05949282305569487,50.42553191489362
2025-12-01 11:33:29,NVDA,2.0671791458129882,-0.030989848501943303,-0.55%,50.00%,131,10206.717914581299,10000,25,0.01519822754061443,0.07335365763084317,0.13294459280560816,0.15945504698029195,0.7960321248929841,0.10175145467577085,56.28828776601412,8.813805469035174,-12.556538152311244,3,0.07818709137217843,55.1063829787234
2025-12-01 11:33:41,NVDA,2.2950344467163086,-0.005380378986153081,-0.44%,45.45%,144,10229.50344467163,10000,25,0.019451492179701282,0.10309179692238205,0.061850389908155445,0.16589713898896924,0.7520966174186928,0.38142227478823965,40.95974199439576,10.836687880399191,-13.986886875794486,3,0.061238017216644014,52.34042553191489
2025-12-01 11:33:53,NVDA,2.0072002029418945,0.1929051869736461,-0.56%,55.56%,118,10200.72002029419,10000,25,0.010897934662293551,0.11013045298596827,0.10470114874998022,0.14763365419362223,0.7801336436665632,0.39244946987157714,42.37814641926878,6.65561248872665,-17.64450116407083,3,0.05552964291672858,57.659574468085104
2025-12-01 11:34:02,NVDA,4.077125129699707,3.1780842272649332,-0.28%,59.84%,128,10407.71251296997,10000,30,0.014228322142892432,0.13447920519619616,0.06898341846418514,0.24035477041550157,0.7304250096479833,0.2691236739935765,53.2620033627369,12.374755467179638,-7.610487200005359,3,0.07432288219178391,55.6989247311828
2025-12-01 11:34:11,NVDA,3.4928924942016604,2.640255336815495,-0.48%,57.76%,117,10349.289249420166,10000,35,0.013682962582193774,0.05492772875322452,0.0672744095509619,0.14109705439443204,0.7573326777253054,0.2545785859100861,48.72363841926437,6.404124373662424,-16.53070301824278,3,0.060048961302053935,55.65217391304348
2025-12-01 11:34:21,NVDA,3.3351628494262693,0.9930708221714386,-0.37%,46.25%,161,10333.516284942627,10000,35,0.022911500732016865,0.07586840706573725,0.19313947249656233,0.10477496913341622,0.7481204477000212,0.31404053596368997,41.91109423976385,17.644549625423174,-8.78021663049359,3,0.04824946845404537,49.34782608695652
2025-12-01 11:34:31,NVDA,4.133238220214844,2.486216351978173,-0.17%,50.65%,155,10413.323822021484,10000,30,0.023376484332522977,0.08316951001958506,0.1624719077447853,0.14243981935521752,0.7346296149446774,0.32535672201319943,50.41560494124255,8.564625407680925,-10.468688134040564,3,0.05218192331822961,50.752688172043015
2025-12-01 11:34:42,NVDA,2.4152198028564453,0.4684635712916646,-0.68%,45.38%,131,10241.521980285645,10000,25,0.016270359800529186,0.11261194340560804,0.10676342876827805,0.24184772325558215,0.7608539337329592,0.10392740123789676,49.327194165686876,17.47599646414475,-15.133732511092186,3,0.06770741128330038,54.680851063829785
2025-12-01 11:34:53,NVDA,3.7924927902221675,2.8397793514594034,-0.24%,57.14%,127,10379.249279022217,10000,30,0.01625142589298835,0.09027210045354361,0.059577473526249605,0.22383225431382853,0.7155372526805567,0.14748728878009262,48.36373447269255,19.439974091184936,-17.723408594427873,3,0.05168668516811491,50.967741935483865
2025-12-01 11:35:03,NVDA,3.6114319229125975,1.758962724849018,-0.35%,47.02%,152,10361.14319229126,10000,30,0.01914544774247919,0.0919804707908575,0.07491747777691543,0.11318308313054731,0.7633368901585584,0.1469046528729825,50.13930811825938,14.296934176908229,-18.721142878166745,3,0.06929921937376443,51.3978494623656
2025-12-01 11:35:18,NVDA,2.799733772277832,1.0838799794940952,-0.37%,53.28%,123,10279.973377227783,10000,25,0.012195230676651079,0.1438804246232266,0.05777675074743354,0.19838730318786124,0.7451765827363009,0.36069812787556965,51.9632538906039,6.455872753580392,-12.327348202803108,3,0.06890240450220272,58.29787234042553
2025-12-01 11:35:28,NVDA,2.240610237121582,0.214845472948824,-0.62%,45.38%,131,10224.061023712158,10000,25,0.015928189028775408,0.10301391347123254,0.17888042233801144,0.19215670377135774,0.7540052232929877,0.37967273582842054,51.782224640714745,5.000671526664239,-14.684731360242296,3,0.04777363390131454,53.829787234042556
2025-12-01 11:35:39,NVDA,2.1011746597290037,0.6012337670153435,-0.78%,56.07%,108,10210.1174659729,10000,25,0.010622022828498027,0.08227791131655124,0.19578230285820858,0.1926671288222389,0.7970163711879995,0.19873827263825586,50.358074102234134,18.914115153123625,-18.674846142911026,3,0.049623206656994844,56.80851063829787
2025-12-01 11:35:50,NVDA,2.88198429107666,0.3738352462856249,-0.30%,40.12%,163,10288.198429107666,10000,25,0.024882406727241676,0.07282891659743992,0.11202422888662272,0.1627275445023442,0.762416769428056,0.12414211414416342,58.45339452038441,16.77571053363392,-12.190472804899752,3,0.05702857198145299,51.70212765957447
2025-12-01 11:36:01,NVDA,3.5687394332885742,2.3328546591194277,-0.35%,51.52%,133,10356.873943328857,10000,30,0.018365456607357087,0.05436494675288485,0.18122030004781292,0.24532447069717567,0.7560804109883883,0.3179494875931893,56.8118361395283,6.502947440272147,-11.133960223580985,3,0.0649218139336158,52.04301075268817
2025-12-01 11:36:11,NVDA,2.316439094543457,0.8028043606177016,-0.47%,48.21%,113,10231.643909454346,10000,25,0.015047261263642451,0.06978188537418284,0.17454439207307917,0.23797091923983058,0.7536565741727033,0.27348197025267124,40.343302900982906,19.64152669327847,-15.802770237754522,3,0.06338429094485809,55.53191489361702
2025-12-01 11:36:22,NVDA,4.1697957229614255,3.5353874457792163,-0.12%,64.75%,123,10416.979572296143,10000,30,0.012127035444274894,0.12818101830456863,0.1895611933529906,0.2593734521801423,0.7853862433952334,0.2392383886401289,53.382955776760376,17.58329208005849,-10.659763094881951,3,0.07726955280692376,56.55913978494623
2025-12-01 11:36:33,NVDA,1.9414155197143554,0.35586898450365456,-0.61%,56.00%,101,10194.141551971436,10000,25,0.011896188900389747,0.08216616209306177,0.0914056367083845,0.16494394224888656,0.7131969772825376,0.28867797893493713,46.31267999714212,14.357028405978435,-7.970146395911055,3,0.04556565605103067,57.234042553191486
2025-12-01 11:36:44,NVDA,4.587094688415528,3.0129233311062262,-0.31%,54.97%,152,10458.709468841553,10000,30,0.017350342671383343,0.141310615644715,0.08666577519971524,0.23725014558854776,0.7187741071161405,0.2934866112968082,46.71666067765976,13.322698696666889,-8.59622562273585,3,0.06898588580704468,53.333333333333336
2025-12-01 11:36:55,NVDA,2.9151729202270507,0.7047801338362084,-0.39%,44.30%,150,10291.517292022705,10000,25,0.021573343712391134,0.11154100953416977,0.17915043245626433,0.16824472963078035,0.712656750877285,0.11154808483586676,52.86558547093674,10.266116052131451,-16.058331813680162,3,0.0424429331679046,52.34042553191489
2025-12-01 11:37:06,NVDA,3.6477798843383793,1.8507861008475734,-0.26%,46.62%,149,10364.777988433838,10000,35,0.021564292516200935,0.07441302189027518,0.06970552266543902,0.20912248199183578,0.7419217239343113,0.3764246684158763,48.99005961031699,15.616040993304425,-19.233225365266012,3,0.0718409548992339,51.08695652173913
2025-12-01 11:37:16,NVDA,2.1319394302368164,0.42343070740924355,-0.53%,54.78%,116,10213.193943023682,10000,25,0.01130144138735881,0.11848365321388296,0.12843927412133344,0.27900046831806896,0.7745672416338608,0.3677475360039735,41.939135154864935,18.329456384641457,-12.535517041626962,3,0.068626789474898,58.08510638297872
2025-12-01 11:37:26,NVDA,4.065589256286621,3.9946620655867706,-0.38%,61.76%,103,10406.558925628662,10000,35,0.01245227316415609,0.0651048791513082,0.1677913889662216,0.27659491452406226,0.73343979873346,0.2961239037198813,48.05544167663558,17.515334890963842,-8.561534937766027,3,0.07023396976366239,57.826086956521735
2025-12-01 11:37:35,NVDA,5.275486793518066,4.835549513210891,-0.24%,65.15%,133,10527.548679351807,10000,35,0.013967286353809557,0.12871241364256725,0.07868528563723044,0.24303686177746722,0.7541821868352537,0.13701487300304388,50.6473881337022,8.415923256533706,-9.035528868528704,3,0.0782758478638004,57.391304347826086
2025-12-01 11:37:44,NVDA,4.459689559936524,4.315473351726559,-0.28%,62.24%,99,10445.968955993652,10000,35,0.013252926761537146,0.0652704724910044,0.1612655985065135,0.19898595615476156,0.7078775281218322,0.11528562960430784,48.32184644171461,13.651320181601564,-6.105671705319578,3,0.05757256515305213,58.26086956521739
2025-12-01 11:37:53,NVDA,1.8970718765258787,0.07664544439629635,-0.49%,47.83%,116,10189.707187652588,10000,25,0.014434731244406923,0.08214477235933991,0.1214642807340025,0.14976911356305506,0.7184582900447736,0.2900373173233862,59.70831235423549,8.63668192731022,-16.642366480978094,3,0.07080474617443122,55.95744680851064
2025-12-01 11:38:03,NVDA,3.513342170715332,1.9586677495299936,-0.20%,47.55%,144,10351.334217071533,10000,30,0.022639635214113628,0.06590960735074593,0.06871303444456586,0.19556582721378263,0.7737420240681897,0.2589577310722817,51.95185832427995,18.01010357821854,-12.99909680845662,3,0.0738474334055031,50.53763440860215
2025-12-01 11:38:12,NVDA,3.7473033523559574,2.0433119474268056,-0.31%,50.33%,152,10374.730335235596,10000,30,0.019720179430042832,0.06698717391713901,0.13292640443964526,0.10546902037497757,0.7665280190677776,0.3681472642996927,53.561289907576224,9.227321077297383,-5.403852988778187,3,0.047318785022534594,49.46236559139785
2025-12-01 11:38:22,JPM,1.7538267517089843,-2.0515332870122496,-0.18%,33.92%,172,10175.382675170898,10000,30,0.017019517298559397,0.09170575962761893,0.1166282660331989,0.17937707318990861,0.7494809743984585,0.17410341936078289,47.65604789330637,15.837583433417603,-7.270333617202658,3,0.0586251262450988,47.956989247311824
2025-12-01 11:38:33,JPM,1.8857948303222654,-0.6357747091978129,-0.18%,40.30%,135,10188.579483032227,10000,25,0.018518740704696474,0.06523998628453997,0.12473307202282692,0.19196878533475215,0.7002576424214145,0.3478095239106829,48.973488479482675,9.599334744007294,-16.197333589524852,3,0.05926855578383426,50.42553191489362
2025-12-01 11:38:45,JPM,0.9602052307128905,-3.4042606412792473,-0.28%,33.86%,128,10096.020523071289,10000,30,0.022068291403396844,0.13035662723138408,0.10639507377841458,0.27835223384769786,0.7626569705315145,0.1733713241700462,40.72970879518482,6.218694599813698,-14.23978101563223,3,0.04925684784284055,54.40860215053763
2025-12-01 11:39:03,JPM,1.7429296875,-1.127762412280099,-0.19%,39.01%,142,10174.29296875,10000,25,0.018623071114864408,0.054266325787972,0.060609764835306286,0.11616784724537002,0.7387776879879511,0.1517055040446163,55.339956525265464,12.226139207692983,-12.407218073177663,3,0.06930897221292581,50.0
2025-12-01 11:39:20,JPM,2.7559521484375,0.16654316531603824,-0.24%,38.55%,167,10275.59521484375,10000,30,0.01373370487969174,0.09697110468187142,0.13544019897550086,0.16041932906540157,0.7317505446682074,0.10545616603408137,58.83635062454087,10.569444479112741,-15.31820402879709,3,0.07809885483715683,47.52688172043011
2025-12-01 11:39:36,JPM,1.6865879821777345,-1.5891845417883974,-0.28%,36.36%,166,10168.658798217773,10000,35,0.011910153174840414,0.06478038433699088,0.08864144935856641,0.18587793424555682,0.777712149927899,0.3506270304075013,44.46258726868471,17.394038612866005,-14.288372682010088,3,0.0760800668805742,48.26086956521739
2025-12-01 11:39:55,JPM,1.0645655822753908,-2.904320517684725,-0.24%,33.58%,138,10106.456558227539,10000,30,0.02051617544162046,0.12457244456594592,0.17582383959690978,0.27290453443575624,0.783515733748636,0.2579766778534941,53.526311510518234,8.462403178907737,-11.05764520486395,3,0.054445346146342576,53.118279569892465
2025-12-01 11:40:11,JPM,2.158867492675781,-1.6954076914804406,-0.35%,37.50%,193,10215.886749267578,10000,30,0.014159818193437718,0.07756629234673174,0.0689932187896224,0.22239753704397922,0.7980652246431276,0.39358794572275047,40.51662486380896,7.787063053451358,-10.22059662928713,3,0.05274312211104157,46.236559139784944
2025-12-01 11:40:20,JPM,2.8040472412109376,0.010605151007808357,-0.30%,39.66%,175,10280.404724121094,10000,35,0.010751919797216396,0.09791141527169483,0.16695561342971665,0.2389900586881242,0.7370332473544421,0.30727503424198066,44.60509571635417,18.42545041822146,-13.127016265536183,3,0.07153958156629422,50.21739130434783
2025-12-01 11:40:41,NVDA,4.211064643859864,3.9215966502519355,-0.22%,61.90%,106,10421.106464385986,10000,35,0.001954520532459895,0.11400248038747972,0.18188758000176114,0.10814573631211402,0.7989674097077066,0.10947989244713988,47.53616385744794,16.888256225121765,-6.399088841092368,3,0.04472372142500036,62.39130434782608
2025-12-01 11:40:50,NVDA,4.215287475585938,4.0448329364212,-0.25%,61.68%,108,10421.528747558594,10000,30,0.00160984073390472,0.10193379815214304,0.18143146994422532,0.18225315108020296,0.7079253017620645,0.10921257480543695,56.469626523060704,11.51781245988148,-9.220532433516269,3,0.06437299471655326,63.87096774193548
2025-12-01 11:40:59,NVDA,2.9975325775146486,3.074935111818365,-0.43%,57.65%,86,10299.753257751465,10000,30,0.0013877604348599057,0.06496528730982501,0.16860766054611953,0.10096776755656407,0.7151579983539386,0.19102805240201193,53.129294296353564,6.546793028577945,-9.943003146713751,3,0.05261206289988493,63.01075268817205
2025-12-01 11:41:08,NVDA,4.176931381225586,3.642114897372519,-0.34%,58.72%,110,10417.693138122559,10000,30,0.00233281821138718,0.1193928662589515,0.07608830872635419,0.13059078407992644,0.7021264101881113,0.34054628614654275,46.51701565852457,16.765119105471854,-6.55106771827322,3,0.07137810217286833,64.08602150537635
2025-12-01 11:41:18,NVDA,4.429042472839355,4.3475282628683765,-0.34%,67.33%,102,10442.904247283936,10000,35,0.0016863390649209,0.10739045563502735,0.19587108564746963,0.29356646308825485,0.7024023296821219,0.20029169913993933,54.45515009938272,16.00298661726936,-10.667268797127361,3,0.06136604345910049,65.21739130434783
2025-12-01 11:41:27,NVDA,4.532222137451171,4.737557580139289,-0.26%,70.00%,101,10453.222213745117,10000,35,0.0012713984946778234,0.14959874138589901,0.0636780764922307,0.23914506242112757,0.7874186788333323,0.30637658211281826,55.90300249479367,5.676756292192681,-17.636456192782855,3,0.07316172313370436,63.69565217391304
2025-12-01 11:41:37,NVDA,3.3876855850219725,3.1004359579581973,-0.45%,60.20%,99,10338.768558502197,10000,30,0.0024254057163530557,0.07770361284869652,0.1241881340184094,0.13052977808603833,0.7370311282333252,0.33407583973900973,59.28712060173771,8.438815856806105,-7.438560979637014,3,0.05985313592323993,61.0752688172043
2025-12-01 11:41:47,NVDA,3.9022883987426757,3.714364680274833,-0.37%,64.15%,107,10390.228839874268,10000,30,0.00246544783944524,0.08858134011359178,0.18188244240979684,0.12432617461967688,0.7008776741167522,0.15313567175263915,40.48954693952565,14.214906209408458,-11.026239431781194,3,0.06598975570512092,61.935483870967744
2025-12-01 11:41:57,NVDA,1.8593686294555662,0.9306517122178202,-0.60%,53.01%,84,10185.936862945557,10000,25,0.001628367278578315,0.05273991012503468,0.08716554323008999,0.11002571476903591,0.7270274527778127,0.36588748107343616,48.55810847286663,10.817796016658495,-8.797358012784533,3,0.07000400159970732,63.829787234042556
2025-12-01 11:42:07,NVDA,3.3759848785400393,3.6819225180145123,-0.41%,62.50%,89,10337.598487854004,10000,30,0.0010423699320051885,0.05387441100159096,0.052190735940849955,0.1874694642148334,0.7222185246101958,0.17769858669486213,46.62565667772772,10.962040364548216,-10.599254502997757,3,0.059203546399632705,63.01075268817205
2025-12-01 11:42:17,NVDA,1.964250030517578,0.8578118310885483,-0.48%,56.99%,94,10196.425003051758,10000,25,0.0024993217179125463,0.06958627565080791,0.11001483025313082,0.2845365170623222,0.7878810920810809,0.28692240623281945,51.763697103970586,11.7399802708141,-19.443899093705728,3,0.05429845026233576,61.91489361702127
2025-12-01 11:42:26,NVDA,2.828402404785156,1.7288668904171967,-0.41%,55.77%,105,10282.840240478516,10000,25,0.002264473872878087,0.1226365412875881,0.10595025802258425,0.1423647597252725,0.7900545824900649,0.22364637122075187,51.60328905636147,10.296399414451596,-14.944872905784287,3,0.048391526264480345,64.8936170212766
2025-12-01 11:42:35,NVDA,3.8352232742309567,3.078689107332863,-0.31%,62.07%,117,10383.522327423096,10000,30,0.0022953328902779978,0.12910199513585385,0.09894388965008458,0.24408753410132325,0.7343784599528946,0.12781552398933924,51.35951697294616,10.967085271165038,-11.497020992530558,3,0.05606903770708267,63.01075268817205
2025-12-01 11:42:45,NVDA,2.107132453918457,1.0325820012448361,-0.47%,56.84%,96,10210.713245391846,10000,25,0.0011337806685432304,0.07348248372532491,0.1778179103004915,0.2354426089536523,0.797787899728899,0.26692755434279536,53.17606930675972,17.25060747934572,-19.05827110958227,3,0.078016614775647,63.61702127659574
2025-12-01 11:42:57,NVDA,2.4058527755737305,0.6964652361691002,-0.41%,53.57%,113,10240.585277557373,10000,25,0.0012040399676133912,0.13713247785933474,0.06722160436668383,0.24020477377490404,0.7575934791920104,0.15132211681506166,57.76520552923598,10.723765682391953,-6.116147027628401,3,0.054431449040186215,65.53191489361701
2025-12-01 11:43:06,NVDA,3.6807843017578126,3.3817263071967414,-0.36%,59.38%,97,10368.078430175781,10000,35,0.0015118510751908868,0.08922662668964225,0.19466890397242204,0.17512378467900444,0.7551801003725673,0.3963907298645978,59.042674196064475,12.790897274699162,-9.564283948093552,3,0.04881639770732944,62.82608695652174
2025-12-01 11:43:15,NVDA,1.824966697692871,0.2805876985703297,-0.53%,53.92%,103,10182.496669769287,10000,25,0.00183408653220143,0.10793476179545108,0.1639904033664147,0.14258540081241972,0.7070157903493248,0.2350880179702214,45.91387648854355,16.432756602862405,-11.925356237305454,3,0.04314719010300287,62.76595744680851
2025-12-01 11:43:24,NVDA,3.8410706329345707,3.0521628527061218,-0.26%,61.40%,115,10384.107063293457,10000,30,0.0018749883433133133,0.13629290567740437,0.09747781258689447,0.1317169328757063,0.7240303294078789,0.1285937223128684,48.98810093820122,13.34334297688779,-14.676941837955084,3,0.07793408052922746,62.58064516129033
2025-12-01 11:43:38,NVDA,1.8428388214111329,0.7854816134730905,-0.51%,50.00%,85,10184.283882141113,10000,25,0.00163359020570262,0.05164527603593542,0.08290637668543895,0.19321830737236131,0.7473372974695665,0.2961903148039262,46.305508228718956,10.245286290099886,-14.81168245406425,3,0.07079353755926221,63.191489361702125
2025-12-01 11:43:47,NVDA,4.441980819702149,3.8141826385218334,-0.26%,66.96%,113,10444.198081970215,10000,35,0.0016819010139799135,0.1404063193755149,0.09560727217030689,0.18687644481073237,0.74292100410208,0.2454904919590884,55.05725459516714,10.377737444340887,-18.143417410871436,3,0.05568444016470858,65.43478260869566
2025-12-01 11:43:56,NVDA,2.7645134353637695,1.9229509439691677,-0.42%,56.70%,98,10276.451343536377,10000,35,0.0015689569163954095,0.0752547310372852,0.0570351773235952,0.29074604938847093,0.7774946248634397,0.29788777987090337,56.87837483854921,17.300817621117734,-12.969994856439767,3,0.04741841910174228,61.08695652173913
2025-12-01 11:44:05,NVDA,4.325220184326172,4.356298205189251,-0.36%,63.27%,99,10432.522018432617,10000,35,0.0012840781956068685,0.08729333954105414,0.10513436765764639,0.1475246284114235,0.7481439015688502,0.17993309941970326,46.47973313420721,8.7386323297482,-7.3760280774998215,3,0.07780953646404856,63.04347826086957
2025-12-01 11:44:17,NVDA,4.384942398071289,3.8283987819165723,-0.34%,66.36%,108,10438.494239807129,10000,35,0.0024096024191712835,0.11061757719630633,0.17706980653053833,0.18068426332250415,0.7263936806807351,0.11487858639118675,53.12563132739068,12.419344404610818,-5.082566667515367,3,0.05588046851810567,65.0
2025-12-01 11:44:27,NVDA,3.0142676925659178,1.8374400834381441,-0.38%,57.69%,105,10301.426769256592,10000,25,0.0020126443777527714,0.1408857416839085,0.12689877548690207,0.27600999882209776,0.7030951888946324,0.16111690634648446,48.386467837008176,14.364819603944595,-15.08161129625276,3,0.054905311936678615,63.61702127659574
2025-12-01 11:44:40,NVDA,3.545332679748535,2.6144668227910497,-0.34%,58.77%,115,10354.533267974854,10000,30,0.0013710506163961348,0.12551326268159552,0.15427253276756192,0.2921662593979549,0.7208070729137386,0.28080660989403594,50.48518857167714,11.367963960347856,-6.345530788564453,3,0.042786881008121926,62.1505376344086
2025-12-01 11:47:18,NVDA,2.966510047912598,1.8802927959878837,-0.33%,57.28%,104,10296.65100479126,10000,25,0.0019003083865090956,0.10235304988811163,0.13643613110766073,0.19260545051897204,0.6266992340098333,0.1821578153334414,28.56979959063528,10.657741157405745,-10.752020990091996,3,0.07666254428396863,63.829787234042556
2025-12-01 11:47:29,NVDA,4.804903373718262,7.608446401826232,-0.15%,75.00%,69,10480.490337371826,10000,30,0.002015770776901348,0.05983294882973511,0.19324597737399568,0.10903687657305211,0.37056436989829195,0.3801253324369033,53.155841007965684,8.76935509773276,-19.381621639993593,3,0.0752483208950172,63.44086021505376
2025-12-01 11:47:39,NVDA,5.613189544677734,7.045780512435383,-0.11%,77.66%,95,10561.318954467773,10000,35,0.0012107715941788754,0.2033344861305067,0.0916745968610813,0.12084183822266358,0.5566981059682874,0.124665819657122,23.382080117289703,12.780469064255154,-8.856760844273206,3,0.0493603422131351,70.86956521739131
2025-12-01 11:47:49,NVDA,5.1885831069946295,7.558249187831859,-0.27%,78.08%,74,10518.858310699463,10000,25,0.002050403980497315,0.2513594709343697,0.060575067720977885,0.2596245421709842,0.34553691459822305,0.1492035298384987,25.537162485956927,19.740680463541352,-6.614721444207833,3,0.07398919809476434,77.02127659574468
2025-12-01 11:47:59,NVDA,4.9075263977050785,4.860335821306206,-0.26%,68.52%,109,10490.752639770508,10000,35,0.001068071696937002,0.12960474557301174,0.08004013639043196,0.22539844183659266,0.7792239629764044,0.1380553738762605,33.438528530081534,13.561278990715497,-7.865797691770483,3,0.06460979969406545,63.91304347826087
2025-12-01 11:48:09,NVDA,4.3648216247558596,4.26740198359377,-0.34%,64.15%,107,10436.482162475586,10000,35,0.0015870855878520776,0.13206336819222664,0.08295910468416769,0.13999284424529929,0.6732891153857155,0.2573178741441715,22.966706881701413,16.341252240006273,-10.201447811065691,3,0.055650842986466595,65.0
2025-12-01 11:48:19,NVDA,5.564702911376953,10.739129381369954,-0.22%,83.05%,60,10556.470291137695,10000,25,0.0021344138507736277,0.07448991318756362,0.1573521348240238,0.10610277259018285,0.37941948265373193,0.3202609742278051,36.54349577110845,14.095994876107978,-18.30205800502805,3,0.04874422713375832,71.06382978723404
2025-12-01 11:48:29,NVDA,3.6240132904052738,3.7404038889999174,-0.23%,59.14%,94,10362.401329040527,10000,30,0.0014406131126962934,0.0972491843874082,0.08145447858257462,0.1977650916200428,0.7767494164132405,0.3317937595950622,27.30519401663895,14.275141614501718,-17.225108752401802,3,0.06186674159751065,61.935483870967744
2025-12-01 11:48:39,JPM,4.269728698730469,7.565002225116801,-0.10%,77.46%,72,10426.972869873047,10000,25,0.0023768161424546,0.09864161728720819,0.19548603245504836,0.2827229635932243,0.6034303142308932,0.23462798236687732,24.001071747470412,9.080908356951081,-9.63350493301097,3,0.04687044287159221,64.8936170212766
2025-12-01 11:48:49,JPM,4.733180236816406,7.725597407506511,-0.11%,64.79%,72,10473.31802368164,10000,30,0.0018877923948902075,0.26762344040615926,0.15933007531744917,0.19961642864983906,0.43335741024640867,0.34003340059163406,37.946189487827056,7.843365932070569,-7.85582304031548,3,0.07345477081232876,75.05376344086021
2025-12-01 11:48:59,JPM,2.8978727722167967,2.7742496787855915,-0.25%,59.04%,84,10289.78727722168,10000,25,0.0010447457703080896,0.16532572676314858,0.13635146927601466,0.16391682544257122,0.7600866953861681,0.3344557041838987,56.4332704810911,19.4171982221471,-7.876123970257533,3,0.057787816463912615,65.95744680851064
2025-12-01 11:49:08,JPM,4.428277282714844,7.428931265643711,-0.10%,65.67%,68,10442.827728271484,10000,30,0.002004856448315483,0.3303840094378428,0.17594063407000704,0.2552758132233335,0.536563554276368,0.3135280857288446,31.491900620985437,14.006169178852264,-19.77942368835532,3,0.05411327368127773,75.05376344086021
2025-12-01 11:49:17,JPM,3.780158996582031,4.428212357056288,-0.18%,58.62%,88,10378.015899658203,10000,35,0.0016509934822167027,0.23212401662145915,0.1787958274428052,0.2033470773203529,0.7591017384180296,0.21788277846348347,55.53311551122797,10.944693696955971,-5.0815466451583085,3,0.04670574317343652,66.30434782608695
2025-12-01 11:49:26,JPM,3.9174588012695315,5.41855158823515,-0.32%,71.43%,78,10391.745880126953,10000,30,0.0014684113081428422,0.24287989399373305,0.17195176548288607,0.14313877001287445,0.6942754970296505,0.30923054255670024,44.34752665058498,19.926222683778217,-6.195428403831107,3,0.05202539477075798,70.10752688172043
2025-12-01 11:49:36,JPM,4.851125335693359,8.458575283699638,-0.10%,76.39%,73,10485.112533569336,10000,25,0.0015593748241031033,0.34893338048727374,0.15586584968316933,0.2847721797491164,0.5228971961212281,0.29222228444417475,22.65563229914916,16.50263994401832,-10.08307294479292,3,0.04731573389106188,75.53191489361703
2025-12-01 11:49:46,JPM,2.675576477050781,7.780833459216416,-0.12%,72.97%,38,10267.557647705078,10000,30,0.0011830854108662388,0.05696245688709241,0.16883108649585113,0.291650375044865,0.5326224832715538,0.2734231126390978,42.409312362939566,10.396344123342168,-9.446769073516174,3,0.05197103211072023,65.59139784946237
2025-12-01 11:49:56,XOM,2.2783741760253906,5.749021846817172,-0.04%,77.03%,75,10227.837417602539,10000,25,0.0012359779796226524,0.1629159322863309,0.08230354907267526,0.27148100627382815,0.33339499307866993,0.28611077513574895,52.49881998201462,7.8632077755347005,-17.546003571955232,3,0.070235654581906,74.04255319148936
2025-12-01 11:50:05,XOM,1.7889610290527345,-0.6421423853827851,-0.10%,63.93%,123,10178.896102905273,10000,25,0.0016339170811952048,0.1288951898299705,0.14739888988428604,0.19390013215856122,0.7040512192341664,0.15480726752885732,38.44946841794233,7.027574830788238,-8.941372853529174,3,0.06583495119018645,61.27659574468085
2025-12-01 11:50:14,XOM,2.000438842773437,-0.3091516830394118,-0.07%,61.54%,131,10200.043884277344,10000,25,0.0011582899727450129,0.15233100781653314,0.18540961588649713,0.22894707814928072,0.7643962328740614,0.14280259921449184,51.82914553447342,6.3366647082937035,-19.086715203880452,3,0.04662088498404359,59.57446808510638
2025-12-01 11:50:24,XOM,1.7699320220947266,-1.2802709098043275,-0.11%,61.07%,132,10176.993202209473,10000,25,0.0014601667535093794,0.11682200561491815,0.10593779609907274,0.22802389320591585,0.7460870075839381,0.31476470365131703,35.12884784520808,12.200666077027991,-11.241866334415443,3,0.05316003847153393,57.234042553191486
2025-12-01 11:50:34,XOM,2.1416468048095703,4.80566179907256,-0.04%,74.68%,80,10214.164680480957,10000,35,0.0018304195141121686,0.18389974300096434,0.05211657840342601,0.2531350882473715,0.4053149038112855,0.23482341159310907,34.794474352048795,18.61543025542209,-16.08988898924929,3,0.05957498651532411,71.73913043478261
2025-12-01 11:50:43,XOM,1.8525006103515622,1.05444345829032,-0.09%,65.35%,102,10185.250061035156,10000,35,0.0017697119515055286,0.13729561952948086,0.0971524766607739,0.1729119655699439,0.5468976927904539,0.3111871620700827,23.339491296906594,9.973740535779665,-10.546817653434493,3,0.07362031582919484,66.30434782608695
2025-12-01 11:50:53,XOM,1.8479878997802734,-0.7565603568623797,-0.10%,62.50%,129,10184.798789978027,10000,25,0.0010592374392076873,0.11715583114578616,0.09720429519290812,0.22606328812477822,0.7134584114498895,0.20745599558392758,52.756147036397046,7.052266960461153,-17.898201959483988,3,0.07705683651371323,61.06382978723405
2025-12-01 11:51:03,XOM,2.2397496032714845,4.837866730572022,-0.04%,74.39%,83,10223.974960327148,10000,25,0.0023531487497563176,0.2017850864233645,0.19456183902677215,0.14931524084051012,0.3330546082183358,0.3772425021323731,58.62711945537271,5.332437740769228,-12.025101419227854,3,0.0587009119075865,71.70212765957447
2025-12-01 11:51:14,JNJ,2.8297325134277345,4.960897531468015,-0.06%,70.45%,89,10282.973251342773,10000,30,0.0020824403434291034,0.22067979619417327,0.13418417759511814,0.2118701332944843,0.3235735525743876,0.33050636934833644,24.573885371982513,15.120529152340646,-18.711658712417712,3,0.04521186778536435,72.04301075268818
2025-12-01 11:51:25,JNJ,2.3171376037597655,1.3238133439045634,-0.04%,64.91%,115,10231.713760375977,10000,25,0.001508631546755886,0.292188367784766,0.06584105798321283,0.17853347508662287,0.695326033670469,0.3750600615384182,32.20989360286615,16.267467101541754,-17.531295772448043,3,0.07708042435892831,68.72340425531915
2025-12-01 11:51:36,JNJ,2.271690063476562,3.4004552775949173,-0.05%,63.41%,83,10227.169006347656,10000,35,0.0023541112312614287,0.18418118092608238,0.1525779596251133,0.2820405513637919,0.4562517405510981,0.32940163173264436,42.27716681362637,10.075515571043791,-6.167441765658918,3,0.07657433561359417,68.26086956521739
2025-12-01 11:51:46,JNJ,2.0372705078125,1.4431760292732474,-0.06%,65.98%,98,10203.72705078125,10000,30,0.0016870643612974807,0.13513201790362223,0.17764828015037504,0.15151341337328855,0.7250039340364287,0.3271892949142998,39.92493853690688,13.577751601633324,-5.810737024385537,3,0.07758993293348909,63.655913978494624
2025-12-01 11:51:56,JNJ,1.5413238525390625,-0.12223610488374206,-0.11%,58.06%,94,10154.132385253906,10000,35,0.002350170983495575,0.1127668341067023,0.10466493004550084,0.12885918347656072,0.6541129273668571,0.3166343441470255,29.8373076173084,19.93536488894134,-14.78905347236205,3,0.05569613486202208,58.913043478260875
2025-12-01 11:52:06,JNJ,2.501017303466797,5.03604684876882,-0.07%,71.43%,78,10250.10173034668,10000,30,0.0014529640328026143,0.19601595936139488,0.1441646826858024,0.2800805905658975,0.39244243903335346,0.2561816867028389,31.14079765954505,14.451696465880422,-12.077084712816138,3,0.06387405714796346,73.9784946236559
2025-12-01 11:52:18,JNJ,2.6966653442382813,4.838537012257843,-0.04%,66.28%,87,10269.666534423828,10000,30,0.0021719200097597424,0.3326810400211965,0.15427106530132711,0.2009624440374807,0.3368426927572027,0.291092080042056,33.229508438803535,11.026799716318997,-9.41121537466198,3,0.053546306740116185,74.40860215053763
2025-12-01 11:52:27,JNJ,2.4403303527832034,3.0388793998632173,-0.07%,65.93%,92,10244.03303527832,10000,35,0.0010430999167422785,0.33219948797126525,0.0677434336274406,0.29447706840255433,0.6005305150515075,0.24930463690158733,55.02261334666956,15.70507612431656,-15.906849264492486,3,0.04428661351786456,68.47826086956522
2025-12-01 11:52:36,COST,11.2023388671875,4.033318640480141,-0.79%,63.20%,126,11120.23388671875,10000,30,0.0014574596176841128,0.30398557407919075,0.11012617249896436,0.12698950174623816,0.7342411291823236,0.31839682900258626,52.868256440552955,12.63218576139317,-11.006864055891766,3,0.051093531165195376,64.08602150537635
2025-12-01 11:52:46,COST,13.960577392578125,6.534757302071796,-0.69%,69.23%,92,11396.057739257812,10000,35,0.001000778042228299,0.2091539063965302,0.18874792092899734,0.12019533904488017,0.6028391965211396,0.1443952944272482,39.94965769391763,14.955463173288244,-16.412367322050315,3,0.07403035430397675,67.3913043478261
2025-12-01 11:52:56,COST,12.714776611328125,8.205465312001401,-0.86%,75.76%,67,11271.477661132812,10000,30,0.0013394570625713989,0.06580512514800949,0.07864920183164327,0.2956950922883438,0.3487460854262837,0.35148975179521813,47.37688219700218,18.390734842452776,-12.396361900204038,3,0.05724916768384371,66.66666666666666
2025-12-01 11:53:06,COST,16.790477294921875,8.324428335210573,-0.67%,72.84%,82,11679.047729492188,10000,30,0.001947084350359684,0.2607686470948273,0.05614616663844424,0.2668261500187737,0.5107745915779627,0.31031690514681787,47.19843251089944,6.7188848564505355,-8.934817177322843,3,0.05757878141411708,70.10752688172043
2025-12-01 11:53:15,COST,14.691527099609376,7.926939961512652,-0.68%,70.13%,78,11469.152709960938,10000,25,0.0011517534222408106,0.159110875847935,0.13367778030308608,0.2993407567296523,0.527454139639376,0.11984990848545557,40.61028492102806,19.998069522694088,-8.076436200961457,3,0.06139700503962008,69.36170212765957
2025-12-01 11:53:24,COST,10.122791748046875,3.7205761877674113,-1.01%,60.68%,118,11012.279174804688,10000,30,0.0012746516443149663,0.23633888057685903,0.1230422109907154,0.2555518513380477,0.7349793187612941,0.2698305220786038,57.12306754653033,17.21694904681283,-18.81787203300806,3,0.06078368241095109,64.30107526881721
2025-12-01 11:53:35,COST,15.214747314453126,8.346548894143574,-0.84%,73.61%,73,11521.474731445312,10000,30,0.0023331314632138757,0.0990725589005658,0.09083304682156249,0.15229021777786872,0.342491368134828,0.2588775149617781,33.60997417001715,6.2264118703147755,-14.310124961867743,3,0.07149727806807328,69.24731182795699
2025-12-01 11:53:45,COST,14.064492187499999,6.493089452575921,-0.68%,71.11%,91,11406.44921875,10000,35,0.0024390313991099234,0.3010922136330599,0.15303296343268769,0.21655756287585443,0.6327019237533007,0.36380986161600604,32.40973491369733,16.567675743767907,-5.333757516212781,3,0.06771923721842976,66.73913043478261
2025-12-01 11:53:56,TSLA,18.08749923706055,9.827023490081936,-0.26%,77.78%,91,11808.749923706055,10000,25,0.002391355687048514,0.3292418377385601,0.15920905651033548,0.19367133388704993,0.516876073853112,0.325564173981531,42.42510628319996,9.344017806903004,-18.671418667768556,3,0.07586975376598298,73.61702127659574
2025-12-01 11:54:06,TSLA,18.16320083618164,8.816227154395532,-0.37%,71.43%,113,11816.320083618164,10000,30,0.0016995941947510105,0.24131055313606875,0.1898481057752014,0.14569454222162498,0.583968802063068,0.12017773564990833,47.18878972039077,8.174835013258061,-16.267116969359037,3,0.0696455574579127,70.53763440860214
2025-12-01 11:54:15,TSLA,12.649600067138673,5.795931388998846,-0.52%,67.24%,117,11264.960006713867,10000,35,0.001541053083951717,0.10340652175464361,0.050938480514436876,0.1091132864876367,0.6904009307072494,0.20567029512221638,41.58621804940553,8.239225293974304,-10.292829528204397,3,0.053368111404735734,60.21739130434782
2025-12-01 11:54:26,TSLA,18.36839981079102,10.575309976568414,-0.48%,76.40%,90,11836.839981079102,10000,30,0.002483066604683394,0.25325763187760886,0.18855366716810096,0.22503920386371898,0.3700491288854134,0.226692135096455,57.193442349497225,8.18553291117058,-6.880696484558285,3,0.06946028681209968,75.26881720430107
2025-12-01 11:54:35,TSLA,17.235198822021484,8.257858645861807,-0.33%,75.00%,101,11723.519882202148,10000,35,0.001472456311101716,0.28658347168617626,0.06586712012653982,0.2540524866925407,0.6427796384147741,0.22358423117200615,45.02633831014841,13.262736041371056,-19.984966453361874,3,0.04274622303056442,69.1304347826087
2025-12-01 11:54:45,TSLA,16.122099151611327,7.477073650592095,-0.41%,68.63%,103,11612.209915161133,10000,25,0.002204894472965138,0.11714503164425308,0.16952110271642096,0.21214638085396775,0.5356229786236315,0.1933733554250084,38.29715458649645,10.567818903495704,-17.90913982579552,3,0.07408290529782866,65.95744680851064
2025-12-01 11:54:58,TSLA,19.591398773193358,11.616094132441493,-0.23%,80.72%,84,11959.139877319336,10000,30,0.0018597858933651766,0.10859946664812174,0.1312871179692951,0.14718786176665832,0.399720780795293,0.1101728282567222,59.67764707005606,14.244694580334492,-18.926592872242008,3,0.06176771303030694,72.47311827956989
2025-12-01 11:55:08,TSLA,17.82109939575195,10.601918079473878,-0.40%,76.19%,85,11782.109939575195,10000,25,0.001778905835260108,0.2192678243503023,0.07950842325546713,0.21497682791176398,0.3839363408833382,0.39741134403042944,40.28496006951349,12.210995015124485,-17.30875966927372,3,0.04517426870729231,75.1063829787234
2025-12-01 11:55:18,GOOGL,4.841452026367187,5.453951198889856,-0.10%,70.48%,106,10484.145202636719,10000,25,0.002152573977229866,0.22088653658045093,0.070644825079615,0.2346476440415416,0.5865051223207683,0.16056198576714972,52.724068030181684,6.6416479839764255,-8.318405177119697,3,0.06621329962037219,68.29787234042554
2025-12-01 11:55:28,GOOGL,4.728623352050781,8.051012842868994,-0.11%,79.17%,73,10472.862335205078,10000,35,0.0021120190393524654,0.15815899789373164,0.08725062538878808,0.18948468560456375,0.49174302871092257,0.2931101986700277,27.866690254312832,14.306974144538035,-19.453755489574753,3,0.05493322571438948,69.78260869565217
2025-12-01 11:55:38,GOOGL,5.45464111328125,8.9482683944781,-0.11%,80.00%,76,10545.464111328125,10000,35,0.0010278116608777171,0.29938372000946095,0.12003566817272945,0.17480816600219465,0.5034868491083857,0.38736628328540235,41.20431579168063,8.984770583712656,-14.222098213712204,3,0.059861706932497746,73.69565217391305
2025-12-01 11:55:48,GOOGL,5.127041320800782,9.042968857815952,-0.08%,79.45%,74,10512.704132080078,10000,30,0.002351420934475777,0.23273983726817687,0.08370452908893053,0.13580332471897158,0.3732933307743336,0.2597276101559062,56.20460596367609,8.525236164087124,-5.909029222364033,3,0.05992888778868692,74.6236559139785
2025-12-01 11:55:58,GOOGL,4.808665466308594,7.415419514800971,-0.11%,75.95%,80,10480.86654663086,10000,35,0.00208050235523919,0.15845790109874747,0.13416619520584183,0.10106905607829962,0.5487664529791776,0.3196799050014315,44.64161097830279,18.370038663773233,-12.35665216909398,3,0.05457913925427846,68.26086956521739
2025-12-01 11:56:08,GOOGL,4.927586212158204,8.974239934807999,-0.08%,80.88%,69,10492.75862121582,10000,35,0.0015249673970500872,0.18781183051791878,0.19247755287725887,0.19991078567542672,0.5040041774243496,0.29812254874377564,21.398753161242922,6.5125468848167785,-12.338844716433268,3,0.07764087902221492,71.08695652173913
2025-12-01 11:56:18,GOOGL,5.389070892333985,8.082223016561912,-0.11%,78.75%,81,10538.907089233398,10000,30,0.0013053638516061844,0.272476066605164,0.14619704498726774,0.2571175348755623,0.4639998420474923,0.1866802847125421,35.53345349399647,17.254768166988704,-10.113741076464018,3,0.051942688724269964,75.91397849462366
2025-12-01 11:56:29,GOOGL,5.384879913330078,9.091988700146498,-0.06%,82.89%,77,10538.487991333008,10000,25,0.0013450668403451813,0.31566958977878623,0.1744564548680052,0.2956994494252666,0.41788545269842187,0.3083201032585484,20.259799636639887,11.072899334141479,-16.164652706258934,3,0.06514729071347952,75.1063829787234
2025-12-01 11:56:38,GLD,4.082498931884766,4.963867054801052,-0.10%,66.22%,75,10408.249893188477,10000,35,0.0017284036323530205,0.11391110038594848,0.07116612955097146,0.22099945657052777,0.5355244570379036,0.39902476812922416,41.12614318549302,8.07504040516257,-19.490091734269786,3,0.07803065295228431,64.56521739130436
2025-12-01 11:56:49,GLD,3.9006021118164065,4.680858163123807,-0.14%,69.05%,85,10390.06021118164,10000,30,0.0019431375416282585,0.11924064029336913,0.16635654015399828,0.2102126284441458,0.5536569302563945,0.3885527664609224,31.168396180849523,18.170214456441045,-14.75621478566716,3,0.053834053579032946,63.44086021505376
2025-12-01 11:56:59,GLD,3.686999816894531,2.6123377854206824,-0.14%,63.48%,116,10368.699981689453,10000,35,0.002185406033075583,0.3048683579327954,0.050449882600455916,0.2463598440953675,0.7863040176509488,0.1134172498585735,34.13080870917895,18.994794031194715,-7.345510658156778,3,0.0752080630311702,61.52173913043478
2025-12-01 11:57:08,GLD,4.915900573730469,5.800389602057837,-0.11%,67.47%,84,10491.590057373047,10000,35,0.0024885796393550254,0.24070919369206734,0.0712761771037127,0.2523808424876451,0.5251709088924637,0.38305841421338804,47.106550509907684,10.944029472254101,-8.871218006600627,3,0.0791565103755004,63.91304347826087
2025-12-01 11:57:18,GLD,4.088801116943359,4.225567067749689,-0.16%,67.62%,106,10408.880111694336,10000,25,0.00219857323425339,0.2042920872663791,0.17163904477849495,0.272151037435261,0.6091403882706801,0.13394118300595367,44.205382718819806,12.546131969838102,-11.58172501408285,3,0.06583227811444946,64.8936170212766
2025-12-01 11:57:27,GLD,3.9724012756347653,4.754666416785096,-0.15%,66.67%,85,10397.240127563477,10000,30,0.0023660218236285224,0.116901779579815,0.15053198876364912,0.24336847331756428,0.5436810275580668,0.2629967976584143,37.441097764113586,13.149069030755603,-19.862472170957986,3,0.06307620051046833,61.0752688172043
2025-12-01 11:57:37,GLD,4.629601135253907,4.996152758605925,-0.09%,71.59%,89,10462.96011352539,10000,25,0.0011786145934523653,0.2592544760778954,0.08092512188372167,0.26373898961824405,0.507326617420612,0.28701940735724885,53.80722002965003,13.481740107695204,-5.744278638409222,3,0.061123038939664684,72.76595744680851
2025-12-01 11:57:47,GLD,4.217599487304687,2.967624862881854,-0.16%,65.83%,121,10421.759948730469,10000,25,0.001701838375319962,0.278096466328188,0.08845878004966254,0.17696068048124924,0.7723909403373972,0.29581773379465126,20.65166342009517,16.75138033002176,-18.498067577289035,3,0.04225523098279752,62.12765957446808
2025-12-01 12:04:05,NVDA,5.07213623046875,4.716054841421341,-0.15%,52.03%,124,10507.213623046875,10000,30,0.02184505819519336,0.1616201680350951,0.2090133370256384,0.21778097804643698,0.5073813894347254,0.20798982230021337,48.397324391167516,7.110779657651463,-5.74444649348213,3,0.1316560340110295,55.91397849462365
2025-12-01 12:04:19,NVDA,5.273869819641113,6.993324251489021,-0.27%,68.35%,80,10527.386981964111,10000,20,0.010273058888412831,0.13821647192935305,0.14241819212107173,0.37490574438582835,0.6934834377276973,0.48477680888978536,51.24766959973696,6.581573832230587,-13.078070692524335,3,0.13023403100818276,62.94736842105263
2025-12-01 12:04:28,NVDA,4.797373504638672,4.536617410659699,-0.14%,69.84%,127,10479.737350463867,10000,40,0.011724501678593919,0.13723651571986645,0.10296631026690971,0.3890594557464492,0.7179876651277142,0.25290342276310684,49.86387179898979,11.5335513084338,-13.31485608632021,3,0.13375482124336813,56.26373626373626
2025-12-01 12:04:38,NVDA,2.6330440902709964,0.5491008955540964,-0.49%,43.66%,143,10263.3044090271,10000,40,0.019333827638640378,0.08271196770035202,0.27542139397602405,0.3392623693838878,0.6503827222248406,0.17534249247278655,69.87388266488414,14.473786623509422,-12.222217608957829,3,0.08827386466854477,49.89010989010989
2025-12-01 12:04:52,NVDA,4.3770384597778325,4.999522823345449,-0.16%,53.12%,97,10437.703845977783,10000,20,0.021513142773004472,0.07263927847509351,0.26483583362565855,0.14013756651213571,0.71188913170443,0.25531731960156456,67.12387033839697,5.51344494104282,-12.964625566789334,3,0.09791686292612467,53.26315789473684
2025-12-01 12:05:02,NVDA,4.736304664611817,3.00040515935986,-0.22%,52.80%,162,10473.630466461182,10000,30,0.02034950541487691,0.13519769026057143,0.14224712474437942,0.29891833352461217,0.7386575797796233,0.319225362836682,40.65652792746485,10.814290774999396,-9.451476445762967,3,0.09986679278242346,50.967741935483865
2025-12-01 12:05:12,NVDA,5.069816932678223,4.415535270957368,-0.15%,53.44%,132,10506.981693267822,10000,30,0.022928974015130443,0.15324234017450925,0.173367899972327,0.39959200046848875,0.5433471442534816,0.2112209669349203,66.06708727714341,2.7058855542891873,-4.889703414866593,3,0.08801668544831015,53.118279569892465
2025-12-01 12:05:23,NVDA,3.650752601623535,2.335904662915364,-0.33%,46.09%,129,10365.075260162354,10000,40,0.02061685256032464,0.10931008258662661,0.24713182738477224,0.2511726948836554,0.5124730900386117,0.29498196000422094,51.59620730104524,14.006945262258235,-12.058694210348342,3,0.12327640959827496,53.18681318681319
2025-12-01 12:05:33,NVDA,5.895890121459961,7.021716832098915,-0.10%,60.42%,97,10589.589012145996,10000,20,0.018123792809922407,0.14281330659969177,0.29907240228945164,0.3014234426268311,0.6748809545486892,0.3805575600654666,56.091459446645885,8.207258141287259,-14.914704137905826,3,0.08946369343351687,59.78947368421053
2025-12-01 12:05:44,NVDA,5.087147941589356,4.620574432496462,-0.15%,58.02%,132,10508.714794158936,10000,30,0.020394058708470005,0.16508638311079255,0.14772401896525542,0.21635632094040208,0.5877312583088663,0.24520730290958093,45.542424867124346,9.22789854695537,-13.3091068274009,3,0.08566145561548062,53.97849462365591
2025-12-01 12:05:53,NVDA,4.470918884277344,5.011493807151033,-0.24%,64.71%,103,10447.091888427734,10000,30,0.014678978267424706,0.06187478152603671,0.23534309678291396,0.26361449453611385,0.7441543266222523,0.3801422957387266,42.46005534375675,2.8529505075272974,-6.903505622198246,3,0.11483639186943449,57.634408602150536
2025-12-01 12:06:03,NVDA,2.92600341796875,1.0874792821944101,-0.26%,49.29%,141,10292.600341796875,10000,40,0.016459741682953888,0.057646125889191886,0.15608668444275298,0.22018471814670534,0.7263873920747296,0.13792975677268982,70.66401563836585,7.661904978594636,-3.7535131258145604,3,0.08696338409275019,52.087912087912095
2025-12-01 12:06:14,NVDA,5.037579765319824,5.833810448164056,-0.09%,56.60%,107,10503.757976531982,10000,20,0.02133264916090004,0.13078725911391015,0.2783027698318651,0.2527278631426044,0.66542130583589,0.34552889625734157,77.20612607460097,10.908085971948486,-6.954187099218315,3,0.102760184969142,57.47368421052632
2025-12-01 12:06:24,NVDA,4.968634757995606,4.550096599926163,-0.15%,50.86%,117,10496.86347579956,10000,20,0.016565609891313563,0.1934694521352805,0.2976812716001409,0.17522548524505888,0.7041978501223786,0.19567100932087975,51.78689551137956,7.544466046138787,-7.6716379987517005,3,0.1291119873561639,58.31578947368421
2025-12-01 12:06:34,NVDA,4.37009147644043,4.483602593274782,-0.16%,65.66%,100,10437.009147644043,10000,40,0.011193349153699484,0.12424578362939705,0.21849566594289332,0.17706612200160343,0.599933268062451,0.48562929088576134,72.99600287688398,7.589162888221274,-2.087064418643701,3,0.1263916931157675,56.48351648351648
2025-12-01 12:06:45,NVDA,5.339445915222168,4.712393815741291,-0.15%,52.99%,135,10533.944591522217,10000,30,0.023858157241656002,0.17179074758945756,0.1809388968460301,0.11873285967965955,0.5168889104712658,0.12345010990113946,78.90363120726852,10.703045571459674,-10.680514808210908,3,0.14062046511968435,54.40860215053763
2025-12-01 12:06:55,NVDA,4.268500022888184,4.189315227582428,-0.33%,64.86%,112,10426.850002288818,10000,30,0.011982992673371329,0.110501635564316,0.2249389819344499,0.31863340162916953,0.7064568179087717,0.2887131688800848,45.2820402958634,5.571512875670804,-12.350536848253764,3,0.08518358680944439,56.344086021505376
2025-12-01 12:07:05,NVDA,4.707433013916015,2.9759277807227047,-0.20%,45.28%,160,10470.743301391602,10000,30,0.0246209693643751,0.19973726817088716,0.18818558299570987,0.2391474045175977,0.6556210379648932,0.1954324450080593,46.0161839794629,9.58650145865559,-9.69073502409185,3,0.13522035093782414,50.967741935483865
2025-12-01 12:07:15,NVDA,3.293046112060547,2.0306752382344833,-0.60%,45.45%,122,10329.304611206055,10000,40,0.023925717516373544,0.06413926733380271,0.26107350588240275,0.3825222810666725,0.5723439108942929,0.1921082134529601,77.11869980418723,9.232086512802876,-14.632360241081413,3,0.13043332467982352,49.67032967032967
2025-12-01 12:07:26,NVDA,0.0,,,,0,0,10000,40,0.020884883357725877,0.07215579032513861,0.18070486114576345,0.1310598301980732,0.5802154310033135,0.3155325672550088,44.78717238478494,12.260320995579459,-14.273663884538529,3,0.11536201635219455,0.0
2025-12-01 12:07:36,JPM,3.471701812744141,1.3610237501834646,-0.17%,42.17%,167,10347.170181274414,10000,30,0.011463436410657033,0.17982804970065508,0.18492411258622105,0.13097585012523055,0.740443589603577,0.319430464088848,66.31454520834768,14.927528431851051,-8.090690375476113,3,0.10892618060693929,51.182795698924735
2025-12-01 12:07:47,JPM,2.9829107666015626,1.2477365037523773,-0.23%,35.00%,141,10298.291076660156,10000,30,0.014055434191739716,0.05207387408873309,0.28026404360059176,0.3286793502549324,0.5895336239868415,0.2179441204179554,40.5657514014587,6.084739449096664,-8.198227342350519,3,0.08626029269973362,51.3978494623656
2025-12-01 12:07:59,JPM,2.5550390624999997,-0.2486769956969823,-0.18%,36.53%,168,10255.50390625,10000,30,0.015000867653295266,0.11343607684438543,0.21339930677226857,0.1452094352394789,0.720355118857818,0.3591939895116245,49.15309261246129,9.098857351037632,-10.123124023297738,3,0.10931254269636925,48.17204301075269
2025-12-01 12:08:16,JPM,1.7787039184570312,0.7648046186580508,-0.11%,38.71%,94,10177.870391845703,10000,40,0.023254682670193667,0.13799608535965788,0.23276168778640272,0.22177615359453,0.6488507667819685,0.4059555507065954,40.419324236447466,8.653573684693137,-13.64384716447533,3,0.1433273170677592,57.36263736263736
2025-12-01 12:08:44,JPM,3.2064939880371095,1.0891239913156756,-0.36%,35.90%,157,10320.649398803711,10000,20,0.01718085618690911,0.12738559183018378,0.17325795727414234,0.16366827741572743,0.5749033965112119,0.23957167944786595,50.511659872688014,3.400125555580498,-12.8822432246685,3,0.12679582925845084,52.84210526315789
2025-12-01 12:08:55,JPM,0.0,,,,0,0,10000,20,0.019934011215422664,0.09876266236318756,0.18735028816613816,0.2530843073007378,0.5082647219150157,0.17166603317425005,75.98044786907187,13.991884736845485,-13.25900596947647,3,0.09523812995266977,0.0
2025-12-01 12:09:12,JPM,1.6355172729492187,0.3573312300321632,-0.15%,33.68%,96,10163.551727294922,10000,40,0.022012947914439383,0.08914131717591159,0.25497351610422775,0.3209229456360529,0.5088215698716181,0.21852931299375308,64.49583161836357,11.600384625412302,-10.893542171903242,3,0.14363631005799787,55.16483516483517
2025-12-01 12:09:30,JPM,3.903082580566406,2.168252486447837,-0.18%,38.96%,155,10390.30825805664,10000,20,0.012354952698393207,0.1327847316691602,0.13550380631238407,0.26780845178365364,0.5870384928334524,0.4364991497824071,48.84698949043819,3.4238167006105957,-6.987755003766178,3,0.11476334307763734,55.57894736842105
2025-12-01 12:09:47,JPM,3.696791229248047,1.9595167805655749,-0.11%,38.96%,155,10369.679122924805,10000,20,0.016224293653158,0.10961581051798355,0.2756879602086287,0.1430522328167943,0.5750894122284177,0.1563054279043417,76.47599794192385,13.515748317516104,-9.310685117583137,3,0.10763991316099063,53.26315789473684
2025-12-01 12:10:10,JPM,2.5806744384765623,2.076988143261079,-0.12%,41.12%,108,10258.067443847656,10000,20,0.023478834688360234,0.14047559503336685,0.15057421032383597,0.39761180071790314,0.6380671542065823,0.1194825579171182,47.69782167674829,13.050049674832808,-10.51549452559151,3,0.14009831958090477,62.73684210526316
2025-12-01 12:10:26,JPM,2.116890411376953,-0.32001345773206086,-0.16%,34.75%,142,10211.689041137695,10000,30,0.017321317686304176,0.09617858909845761,0.28437943767920126,0.2636631695625896,0.6516553428709998,0.41206278431379284,78.668469927653,10.57161883885526,-3.6912867713466273,3,0.10465422256197074,52.25806451612903
2025-12-01 12:10:42,JPM,2.1266957092285157,0.9560354604693577,-0.16%,36.79%,107,10212.669570922852,10000,40,0.02073863029244357,0.11074238808913353,0.19404264476359812,0.37078737013576824,0.5690732034215917,0.250896475289791,64.00885558717022,2.6736724793680864,-6.517816157966303,3,0.1121930654413974,55.824175824175825
2025-12-01 12:28:23,JPM,0.0,,,,0,0,10000,20,0.011074828005437569,0.13355792244847386,0.27662197714476433,0.13993292826117776,0.6807843364083453,0.4217684382891157,67.35981334235805,5.011279001272223,-11.593696317791789,3,0.129255090170788,0.0
2025-12-01 12:28:23,JPM,0.0,,,,0,0,10000,20,0.02077065049376635,0.15697396474930742,0.260479940891583,0.24753423462523413,0.6393933864484729,0.27438919593291844,75.61064281454578,5.280736990606464,-6.842905155574174,3,0.08991308443174197,0.0
2025-12-01 12:28:23,JPM,0.0,,,,0,0,10000,40,0.011756143110708168,0.1390046789784508,0.17860853120505804,0.2395739751795996,0.5352826802081109,0.1808341428600639,47.625340772182774,6.746505210345299,-7.658420327019464,3,0.0981297029411601,0.0
2025-12-01 12:28:23,JPM,0.0,,,,0,0,10000,40,0.022270607583392173,0.09204021705386108,0.21493078624373235,0.3048045285904558,0.5620845585508042,0.4047919192871078,53.92115551811329,11.276126104811391,-10.891675898750119,3,0.13870466510463783,0.0
2025-12-01 12:28:23,JPM,0.0,,,,0,0,10000,20,0.012721984358037758,0.19268173505300645,0.18429950881767787,0.1821576871212785,0.6069231140885286,0.46267134543128796,46.922409287751265,13.368624034230802,-13.284808931228513,3,0.08755130673472673,0.0
2025-12-01 12:28:23,JPM,0.0,,,,0,0,10000,40,0.01050441774312609,0.15970458147356964,0.2456051240280642,0.24277726479687017,0.5463607352228914,0.19630672448143596,78.2542850769256,11.503247637488542,-9.03072815324455,3,0.08990720210484528,0.0
2025-12-01 12:28:23,JPM,0.0,,,,0,0,10000,30,0.015620192879965817,0.08197311335737709,0.2776967039708217,0.16854424690557188,0.5312806141820807,0.44299918059598065,61.814989817658635,3.1950140802700213,-6.290961962289527,3,0.1495795451506145,0.0
2025-12-01 12:28:23,JPM,0.0,,,,0,0,10000,20,0.01534625237468162,0.19669265673094172,0.13300209660225087,0.22583595243302568,0.5654634179484689,0.1311843359044886,62.645069120744296,7.082622356862137,-11.49384011906567,3,0.09322767765597476,0.0
2025-12-01 12:28:23,XOM,0.0,,,,0,0,10000,20,0.02243335283965984,0.08713496439675955,0.20886541074059606,0.3031217579011781,0.5513168418974259,0.4505261201839931,76.42123470859067,5.246362508276796,-9.899168761917858,3,0.1406136234991062,0.0
2025-12-01 12:28:23,XOM,0.0,,,,0,0,10000,40,0.014844371922790475,0.13437126093339938,0.19927623599386884,0.1016850092423128,0.533192814985102,0.36985264470451373,48.77945965210805,11.89551516383028,-10.282473441773963,3,0.0960002078305435,0.0
2025-12-01 12:28:23,XOM,0.0,,,,0,0,10000,40,0.015578060323222571,0.13618467128645229,0.15424904532977274,0.1204594243521027,0.729754033380854,0.38158401876117076,54.1640417169171,6.373595796443248,-2.8508400867164774,3,0.13134429255709978,0.0
2025-12-01 12:28:23,XOM,0.0,,,,0,0,10000,20,0.01340355920037956,0.15303688553440845,0.27981938164119113,0.30226768821571437,0.717598966520606,0.28255074487455734,56.280006194640464,10.153431884839721,-2.0026465678679504,3,0.09556602495821034,0.0
2025-12-01 12:28:23,XOM,0.0,,,,0,0,10000,20,0.010583028500393011,0.13742359144789,0.2838651265085945,0.3422357290263175,0.5541174871906368,0.45215174256803203,75.18969097569264,10.600303294688771,-11.413560587538502,3,0.14289230993051766,0.0
2025-12-01 12:28:23,XOM,0.0,,,,0,0,10000,20,0.021487223897262056,0.1616092425110805,0.11329821509929157,0.12402269189368695,0.6995882285317028,0.4205173702665612,74.86443897823577,7.1706376243924845,-13.014570855462392,3,0.12009464050340937,0.0
2025-12-01 12:28:23,XOM,0.0,,,,0,0,10000,20,0.02216685365003703,0.09189393220768355,0.11464798469359219,0.3130001645578536,0.6062813008362179,0.22161292434129468,60.45887783681758,12.942506477400547,-8.035994303026783,3,0.09776146722075776,0.0
2025-12-01 12:28:23,XOM,0.0,,,,0,0,10000,40,0.014217097013252685,0.07997274738706092,0.2611168373789732,0.18252671168817314,0.6936612852697721,0.1490943975052572,75.55408679018007,12.776163459880578,-14.134568808805293,3,0.13629214967316505,0.0
2025-12-01 12:28:23,XOM,0.0,,,,0,0,10000,40,0.024498731242006494,0.07774133706608762,0.11638659867402393,0.3637678118231653,0.6595414114276723,0.19247122059136507,63.81986282833688,4.26294536065336,-2.5626797092926044,3,0.13728555474228607,0.0
2025-12-01 12:28:23,XOM,0.0,,,,0,0,10000,20,0.023652370753142575,0.07548625258984677,0.2270506616437665,0.22716876327823166,0.7447037070366778,0.47130528037055475,65.9782747103178,14.558069114664383,-11.495204441166663,3,0.12056065888561046,0.0
2025-12-01 12:28:23,XOM,0.0,,,,0,0,10000,40,0.017288434728386388,0.14238309480589503,0.1665198862738559,0.34761945477150774,0.6198557181817423,0.49763478975245,78.66550026109529,3.7925796598005617,-14.776688604708745,3,0.08601468855812605,0.0
2025-12-01 12:28:23,XOM,0.0,,,,0,0,10000,40,0.010800023832094744,0.05963140360795881,0.12912324927349,0.23714384604947383,0.6925872900606492,0.47600092572993646,67.35990148384278,13.72431264386691,-6.4324281164400325,3,0.12030907704069822,0.0
2025-12-01 12:28:23,XOM,0.0,,,,0,0,10000,20,0.017071708786134177,0.16440834826381356,0.12900747973657722,0.3533889237098228,0.5956983946046595,0.44814545849192367,63.410082428691986,13.167005463624971,-4.012772393933899,3,0.08035505627058363,0.0
2025-12-01 12:28:23,XOM,0.0,,,,0,0,10000,30,0.01594764739597746,0.1355120469584194,0.18653405216319852,0.35677602298332245,0.6037991466199369,0.2866007247123623,72.3211861439569,7.084881751177751,-9.463072760330606,3,0.08487544880978184,0.0
2025-12-01 12:28:23,XOM,0.0,,,,0,0,10000,20,0.02069215844305046,0.1868971558046491,0.20654186061827634,0.1664441602600223,0.5324354352308294,0.40619561982982977,73.49777366682298,10.372324987923259,-13.714316171650399,3,0.14609456652662609,0.0
2025-12-01 12:28:23,XOM,0.0,,,,0,0,10000,20,0.020515045063661197,0.11278665304295155,0.2316995845544811,0.18310501216312874,0.6526298865442041,0.218860078794537,76.36424284891723,4.455155853365973,-11.335329852259576,3,0.11522366028644306,0.0
2025-12-01 12:28:23,XOM,0.0,,,,0,0,10000,20,0.014700514186830129,0.12372474966141613,0.2678543352936614,0.2554940200070596,0.6781596391434405,0.47826486181193817,66.91265054202304,11.180431872390336,-2.959997415788923,3,0.11126104441849652,0.0
2025-12-01 12:28:23,XOM,0.0,,,,0,0,10000,40,0.01487248248576305,0.14124077768178378,0.16328406050095332,0.2952671915900221,0.7115564567721617,0.3074530245418375,61.14660602373682,11.432802520386755,-3.8103599995165887,3,0.09375817310648911,0.0
2025-12-01 12:28:23,XOM,0.0,,,,0,0,10000,20,0.011152655076265875,0.19314154772965858,0.21113366323299426,0.1753622207893229,0.6065571792133211,0.3296653263442758,73.6615867951867,13.145240272426003,-6.412332185624548,3,0.14200665657004014,0.0
2025-12-01 12:28:23,XOM,0.0,,,,0,0,10000,40,0.021117905058170402,0.08008778418892147,0.2946854591676391,0.3380879276672296,0.5779060812767126,0.4299398354137196,78.97099955285451,6.934785124340262,-9.15307834119594,3,0.09456248092353972,0.0
2025-12-01 12:28:23,JNJ,0.0,,,,0,0,10000,20,0.020579602937947354,0.09641644704083754,0.17735449173782672,0.16427249280646522,0.6071495673507198,0.3522708704466938,51.051692383964564,4.533175750833609,-13.294328388059274,3,0.08902923783500732,0.0
2025-12-01 12:28:23,JNJ,0.0,,,,0,0,10000,20,0.021569175554769348,0.05418552592377231,0.13985716755778949,0.22363143492860915,0.622319335365152,0.10464756859210689,62.34617152148077,6.625906703383548,-12.782705661539802,3,0.10381362521536246,0.0
2025-12-01 12:28:23,JNJ,0.0,,,,0,0,10000,30,0.024487634073027405,0.1989788616025065,0.20979479964720502,0.15740012479098542,0.7328548093090334,0.35439762000232533,61.46106205335428,13.245600359576194,-3.3180231708339587,3,0.1280694426967613,0.0
2025-12-01 12:28:23,JNJ,0.0,,,,0,0,10000,20,0.01664445862228247,0.1521072985892718,0.10619996011805062,0.13885126640549172,0.6652544738717266,0.4435272266262884,66.1033932995312,7.7286980080623815,-6.552644638165528,3,0.13514907974520438,0.0
2025-12-01 12:28:23,JNJ,0.0,,,,0,0,10000,40,0.023847075037741264,0.059795484805867244,0.25711562729494164,0.3065431574266939,0.5808884470885506,0.18951008595759863,69.20041362482363,9.329577479834164,-14.151124954031497,3,0.1284603968221763,0.0
2025-12-01 12:28:23,JNJ,0.0,,,,0,0,10000,30,0.012956140032159578,0.15746223297594253,0.27334944220882873,0.22864875779893726,0.551740730552339,0.2144387274350705,60.876763829210034,8.295517642522075,-5.625288194708636,3,0.14183757062790853,0.0
2025-12-01 12:28:23,JNJ,0.0,,,,0,0,10000,30,0.015838158552027783,0.1631559325825689,0.20401122554441792,0.3229371946038898,0.501720372992957,0.46018073041366503,77.29381127887238,7.702224313832662,-14.796072169815481,3,0.11488872933538648,0.0
2025-12-01 12:28:23,JNJ,0.0,,,,0,0,10000,20,0.018917125309581704,0.13684202996638822,0.20347328030779505,0.28470532382229535,0.5673868694183363,0.2083155342899343,47.821325301156755,2.8427444184261437,-10.063654658587472,3,0.12031853802593559,0.0
2025-12-01 12:28:23,JNJ,0.0,,,,0,0,10000,30,0.018436118766037755,0.15655120506305042,0.24565609193861493,0.21233173761179472,0.7384121518030993,0.16010578738155756,71.20025567824383,13.439255649644057,-3.479870500407433,3,0.11078512119502743,0.0
2025-12-01 12:28:23,JNJ,0.0,,,,0,0,10000,40,0.015386993032275373,0.16257586435427748,0.24298593720726788,0.16210832720304047,0.701463396049197,0.1040492584164336,59.73857802378607,13.146344918978288,-4.526641339069759,3,0.14286943733312868,0.0
2025-12-01 12:28:23,JNJ,0.0,,,,0,0,10000,20,0.016182287658019375,0.10617258181476075,0.19710517568154662,0.3731039766041955,0.6849716731646058,0.28353690030050355,57.572717720407994,2.567647099181378,-10.011500585054742,3,0.13991548300093423,0.0
2025-12-01 12:28:24,JNJ,0.0,,,,0,0,10000,30,0.02390599627628901,0.15745082555060697,0.20904471362268678,0.13451789081637203,0.5645744464004087,0.2118852183618789,64.63552108978593,13.868914854839863,-6.541085771447099,3,0.08962251710278976,0.0
2025-12-01 12:28:24,JNJ,0.0,,,,0,0,10000,40,0.01527211987500559,0.1342557067100732,0.24443042538833185,0.30920066910848726,0.571767080467855,0.3378063700882371,73.79060552389065,3.526629779677404,-13.802428000591867,3,0.08113185177604375,0.0
2025-12-01 12:28:24,JNJ,0.0,,,,0,0,10000,30,0.013858887227097298,0.16254665507413668,0.15924249133771276,0.1943637152344806,0.5194132350593743,0.4382901127870156,55.57803261431779,3.3527673237474493,-9.845955219616421,3,0.14450979784140666,0.0
2025-12-01 12:28:24,JNJ,0.0,,,,0,0,10000,30,0.011065591290050069,0.16785091915339623,0.21687665200683565,0.32836836649217105,0.6669249689959347,0.41296810070183254,63.79103338450405,5.581118883469594,-8.455734135581501,3,0.10429199629788723,0.0
2025-12-01 12:28:24,JNJ,0.0,,,,0,0,10000,30,0.020637798140627415,0.09381375854606668,0.14874912159404513,0.18150965747068437,0.6934936343349749,0.32401662483347693,66.77925589845636,5.471849653412271,-10.363571596173813,3,0.08151492242206561,0.0
2025-12-01 12:28:24,JNJ,0.0,,,,0,0,10000,30,0.020049698547168704,0.05289295303826069,0.2883424500934532,0.18580452260252978,0.6642545111817486,0.16274734552282838,52.75092266049381,8.881122345181037,-2.45780014588507,3,0.12338936088261833,0.0
2025-12-01 12:28:24,JNJ,0.0,,,,0,0,10000,30,0.016589881838661218,0.0764877880992724,0.26206439017995653,0.3981956522278153,0.6356666366586596,0.15748710820192136,65.87844275213035,8.410390530627478,-10.923264303405471,3,0.11396514811742939,0.0
2025-12-01 12:28:24,JNJ,0.0,,,,0,0,10000,20,0.019750267319090076,0.14856842201129766,0.13142634004483872,0.2902961486552766,0.5107443476596284,0.33073514906396567,40.6387901131189,14.722184560460228,-14.742856938013164,3,0.1090177340371842,0.0
2025-12-01 12:28:24,JNJ,0.0,,,,0,0,10000,20,0.01188351636755241,0.14591790721491432,0.14832843262986703,0.3289639670173349,0.7328464538081345,0.24512210409297808,78.37786087033477,5.5077793409530305,-4.341610274657011,3,0.10823067622246982,0.0
2025-12-01 12:28:24,COST,0.0,,,,0,0,10000,30,0.01244396309871338,0.09913209114904833,0.2091144951069954,0.3719754797037311,0.5476166852509747,0.27939027085169343,48.31876162804496,11.86987755995995,-8.66681742152478,3,0.0965792339076512,0.0
2025-12-01 12:28:24,COST,0.0,,,,0,0,10000,30,0.023203669964586476,0.18859969621319617,0.12720859479652483,0.18273230279266583,0.6212488737372467,0.2789050377550911,65.3248256352638,13.265670040023858,-4.387717245989549,3,0.12436882264871933,0.0
2025-12-01 12:28:24,COST,0.0,,,,0,0,10000,20,0.010440410557710063,0.17618973666263782,0.24885960496018944,0.21790353951354466,0.7126800425030861,0.33115537786340477,49.369890445373244,8.838112423493257,-9.807874106099847,3,0.09562818696985287,0.0
2025-12-01 12:28:24,COST,0.0,,,,0,0,10000,40,0.01947010177623007,0.08567213303111412,0.279570540095884,0.250627128096114,0.7473022778224303,0.4462462098605289,56.2275356773229,13.964640280844662,-7.777974467275781,3,0.08390596791210501,0.0
2025-12-01 12:28:24,COST,0.0,,,,0,0,10000,20,0.024323746501462892,0.07975064507288368,0.267213366191274,0.33104267287992106,0.646757323384048,0.2381835105887384,58.6154490408138,2.3392601825992525,-8.299854594829807,3,0.1172014959899649,0.0
2025-12-01 12:28:24,COST,0.0,,,,0,0,10000,30,0.021889797207404173,0.0698510278026063,0.10781401038248357,0.2868889836573483,0.5663140647959454,0.4349136023376987,66.1248951996562,10.524076894928868,-10.51388480772177,3,0.14519107671693307,0.0
2025-12-01 12:28:24,COST,0.0,,,,0,0,10000,20,0.011662217897737016,0.12870943698290066,0.1295055530688679,0.18662058706775844,0.6956019919259157,0.16767520337749675,56.41508297369094,6.179428992498329,-10.284558879539224,3,0.10754465759360363,0.0
2025-12-01 12:28:24,COST,0.0,,,,0,0,10000,20,0.015962576770688155,0.13665451714615662,0.2787122898500379,0.18264593479866897,0.6001003214614092,0.4337377111439804,70.90531664666214,6.043909435374302,-14.192570794261625,3,0.09408465375794207,0.0
2025-12-01 12:28:24,COST,0.0,,,,0,0,10000,30,0.01871796835790067,0.0923162059355654,0.1370073118286452,0.2593346615214777,0.5423212130328736,0.15860029763592634,43.22525470255725,13.611767212516972,-11.892382271516107,3,0.09327628507861009,0.0
2025-12-01 12:28:24,COST,0.0,,,,0,0,10000,20,0.016404476170635326,0.09262997020406342,0.2611922906771969,0.2771686873515006,0.6907114806766084,0.3084435112174942,40.986343810468554,3.0707854709659346,-12.668998801607614,3,0.11862473101255952,0.0
2025-12-01 12:28:24,COST,0.0,,,,0,0,10000,40,0.017083461228280916,0.18911555400875452,0.14996299815916522,0.24911780367577321,0.6409663068374134,0.33841639566445614,78.92969546808035,7.561400675929229,-2.034599442703442,3,0.12926238496906672,0.0
2025-12-01 12:28:24,COST,0.0,,,,0,0,10000,30,0.02219541934800466,0.05266260872011957,0.12975616339620571,0.197770963777134,0.6926104154512079,0.3799613418668507,68.67328621266176,6.7301512209603125,-14.145596636888344,3,0.14409801476833572,0.0
2025-12-01 12:28:24,COST,0.0,,,,0,0,10000,30,0.01496281175667211,0.05811599096087765,0.284479461777006,0.3884607187324808,0.7308127168522331,0.4514318141852697,48.94958834048799,6.123438883025435,-9.90432053262862,3,0.08560897215350208,0.0
2025-12-01 12:28:24,COST,0.0,,,,0,0,10000,40,0.01592167364356656,0.07054376313625269,0.19175730818121262,0.14622096018816885,0.6572653059558926,0.2710380083097047,53.32933806728295,8.656695795707142,-8.589827411976653,3,0.12449110173952659,0.0
2025-12-01 12:28:24,COST,0.0,,,,0,0,10000,20,0.014183294032760283,0.13138316242863596,0.2869914979851647,0.36682843782174657,0.728814844611387,0.2590527670555497,61.73119739961769,14.329077715196513,-4.470468245628103,3,0.11102156972676808,0.0
2025-12-01 12:28:24,COST,0.0,,,,0,0,10000,20,0.010938024159794233,0.10383842922908663,0.15822859143956708,0.1842554840290087,0.7396446094743678,0.44856214070024636,58.36277065015634,10.995924142632717,-13.647448901268065,3,0.10447166222035367,0.0
2025-12-01 12:28:24,COST,0.0,,,,0,0,10000,20,0.021752131251203923,0.15200464743142705,0.18991825172084015,0.26426903950816494,0.588374310675698,0.3761581048610141,40.95579599308732,9.521128280492816,-12.146581168774503,3,0.08564519209389769,0.0
2025-12-01 12:28:24,COST,0.0,,,,0,0,10000,20,0.010048313541467022,0.1403317503171626,0.2265148513468312,0.1722342993945063,0.6869498642416638,0.24514542279980547,67.8143265511072,9.36831838129643,-14.923627367330495,3,0.11087540612051569,0.0
2025-12-01 12:28:24,COST,0.0,,,,0,0,10000,20,0.01793615060321955,0.061880922882445344,0.2572269719530308,0.3250330037664072,0.5026477849125291,0.4368617673885816,66.03475499281211,13.5786165739422,-8.84900018562255,3,0.10745700152204254,0.0
2025-12-01 12:28:24,COST,0.0,,,,0,0,10000,40,0.012994764525624385,0.13211265356446145,0.16263594893790284,0.12893156948340304,0.6913061950903427,0.32133114504327,51.281077595722415,8.32007477567353,-2.179150988361611,3,0.1492780949131525,0.0
2025-12-01 12:28:24,TSLA,0.0,,,,0,0,10000,20,0.01077482774479444,0.19837906144649914,0.24232991064609494,0.2115397041545019,0.5408614701925031,0.2875476368707393,66.09381524365773,5.003865273137277,-11.808920669126053,3,0.1329935132184598,0.0
2025-12-01 12:28:24,TSLA,0.0,,,,0,0,10000,30,0.022267484228202142,0.10205068536664284,0.2747977744335436,0.1453711843198091,0.555287269776946,0.14709311699968075,72.14120420364702,13.159770016618213,-8.40826462580581,3,0.11324592645724199,0.0
2025-12-01 12:28:24,TSLA,0.0,,,,0,0,10000,20,0.013463357964704775,0.18050201450238723,0.26399315479077634,0.23057073777009063,0.7235224309406452,0.4780224398220386,66.82144840708966,4.190576996588188,-7.864391097642294,3,0.10724416561413815,0.0
2025-12-01 12:28:24,TSLA,0.0,,,,0,0,10000,30,0.02099730516878341,0.1312121466548299,0.22678470164648787,0.24921802314817823,0.5003339149555301,0.3234872071729925,41.5240962431312,7.282677013756122,-11.59579963436149,3,0.13347573234955112,0.0
2025-12-01 12:28:24,TSLA,0.0,,,,0,0,10000,40,0.014111712006947396,0.06461761545466242,0.17143434044225783,0.10872270688737386,0.515543838494951,0.4048314889983733,79.54014696315294,13.004484421169446,-10.818856813724453,3,0.12130048783131157,0.0
2025-12-01 12:28:24,TSLA,0.0,,,,0,0,10000,20,0.010143652630333401,0.09347832125618255,0.1709810222683013,0.26138109434058066,0.5922642133047253,0.2869855130403461,53.06321379208439,13.833757328642285,-10.706547795603411,3,0.12387884668248553,0.0
2025-12-01 12:28:24,TSLA,0.0,,,,0,0,10000,40,0.023329721098576606,0.06271101646574895,0.21044533261368525,0.27444251010156673,0.6227138887429562,0.45749997787196395,47.76923767740251,12.938031148457396,-13.835874148161867,3,0.08033625401522934,0.0
2025-12-01 12:28:24,TSLA,0.0,,,,0,0,10000,30,0.01954780924162669,0.1827356809596662,0.19949970500188852,0.16325496212824095,0.7257265018355834,0.27620801153290075,65.80131720281854,14.712894020716085,-4.3654616512650914,3,0.14489046112115345,0.0
2025-12-01 12:28:24,TSLA,0.0,,,,0,0,10000,40,0.011281838888713688,0.0886866745919192,0.2802385216748283,0.3899331909109379,0.5248114261925831,0.15062527961607575,69.24923069732941,6.970159200142423,-5.540909441057918,3,0.08823141497764532,0.0
2025-12-01 12:28:24,TSLA,0.0,,,,0,0,10000,30,0.015539341888640916,0.1213876567451431,0.10317334816862929,0.15156627524459115,0.6682306766355426,0.2436105913318595,54.00925979936687,3.709455226773824,-5.410170737679513,3,0.11093911357105557,0.0
2025-12-01 12:28:24,TSLA,0.0,,,,0,0,10000,30,0.017361079472812617,0.07517319630018907,0.26195966363000744,0.2732484361536963,0.6522106703737711,0.2651771542104249,57.22712001725719,9.2810204628436,-10.731462136047991,3,0.12905196105711483,0.0
2025-12-01 12:28:24,TSLA,0.0,,,,0,0,10000,40,0.014684721176212476,0.16612800527088317,0.2628269725848603,0.2697305079010993,0.7468395287358726,0.25002120770404834,74.76520543372993,11.93706520219965,-7.129412568226249,3,0.1489885111156315,0.0
2025-12-01 12:28:24,TSLA,0.0,,,,0,0,10000,20,0.024460890413180718,0.16344559731941558,0.24739446798104295,0.2803875093488643,0.5455848792854744,0.24757179168302637,60.61237053858322,12.63842807622858,-10.382830512758854,3,0.1341700473216391,0.0
2025-12-01 12:28:24,TSLA,0.0,,,,0,0,10000,40,0.010698096564435789,0.06964490174194674,0.1745394172061839,0.23238131880563032,0.5112032513225333,0.43905473503707315,41.348795809150936,2.135492145138134,-13.801229760817172,3,0.11509640282542594,0.0
2025-12-01 12:28:24,TSLA,0.0,,,,0,0,10000,20,0.010762096829318401,0.18830701465698363,0.11588376061593658,0.2195365323284834,0.5879032020200211,0.28788539240146527,59.507132210144135,3.389487888271395,-3.232732760822323,3,0.08525558432976196,0.0
2025-12-01 12:28:24,TSLA,0.0,,,,0,0,10000,30,0.019684993558064814,0.19332751859381275,0.25812506368371196,0.2616842019941368,0.6893886745236857,0.358386059768784,43.7038305363196,14.876265270930293,-7.824144746876902,3,0.08517064453699556,0.0
2025-12-01 12:28:25,TSLA,0.0,,,,0,0,10000,20,0.024561078310506048,0.1473041089770605,0.16984589000272407,0.23479042721884663,0.6917262597385088,0.11822947812059784,64.46847668185583,6.965677731118431,-11.375139147723068,3,0.1308005688857543,0.0
2025-12-01 12:28:25,TSLA,0.0,,,,0,0,10000,40,0.018424856561676264,0.11511798681396773,0.20865121384638818,0.2219102659060707,0.518174517791005,0.24727732908348132,47.83521613738314,12.737615369383757,-7.432682108256357,3,0.10830987744627764,0.0
2025-12-01 12:28:25,TSLA,0.0,,,,0,0,10000,20,0.014887084275976549,0.06843633055642125,0.19969320479474745,0.24652579795407784,0.5475570512923189,0.47328073624079514,70.22166980410731,2.3819565866406194,-14.228724656810257,3,0.08734822759184063,0.0
2025-12-01 12:28:25,TSLA,0.0,,,,0,0,10000,20,0.02331747187692287,0.08544964801669806,0.13822281978240986,0.33161874890019055,0.699241250572364,0.3045083296965374,75.90341188293013,6.89424875060106,-12.622664991057633,3,0.14369250213736176,0.0
2025-12-01 12:28:25,GOOGL,0.0,,,,0,0,10000,40,0.012274945449953657,0.0702511283840085,0.10394815343969738,0.3488666809544866,0.5963239561389903,0.3081783324347532,77.38631917228604,7.256366518595365,-3.7645394727355725,3,0.0943398230979201,0.0
2025-12-01 12:28:25,GOOGL,0.0,,,,0,0,10000,20,0.019689192591208753,0.1606271450811006,0.29406096289218253,0.25310046448962326,0.5112721301638447,0.34905373075727636,57.596477308030174,11.483719310284606,-4.282161003551614,3,0.13782388309335275,0.0
2025-12-01 12:28:25,GOOGL,0.0,,,,0,0,10000,40,0.014971053462814824,0.13851885915341647,0.23704483185149242,0.34520257314924063,0.6771020184025315,0.4072930826463157,48.38420042338652,11.555003668668961,-3.9288275288309684,3,0.14965093445529154,0.0
2025-12-01 12:28:25,GOOGL,0.0,,,,0,0,10000,40,0.016429149514351336,0.12954359298290902,0.29101264924683456,0.13500413557184127,0.5455615198930847,0.38966416869460685,67.06384855437547,14.307295104219838,-6.3137077788710165,3,0.12180799833796105,0.0
2025-12-01 12:28:25,GOOGL,0.0,,,,0,0,10000,30,0.014375857922036106,0.14623709919022287,0.11813040497696894,0.16182893409533136,0.7150656873633116,0.4366921292191488,68.68707826012658,3.3884292160326606,-2.0744628933339566,3,0.10565520214481894,0.0
2025-12-01 12:28:25,GOOGL,0.0,,,,0,0,10000,30,0.02005734020424344,0.16937588584386803,0.2791471088258554,0.20097181377929813,0.7414840141041409,0.244363893456237,59.37690226489893,10.671352122845605,-3.8716459147971527,3,0.09006204813502632,0.0
2025-12-01 12:28:25,GOOGL,0.0,,,,0,0,10000,20,0.014792811731050367,0.09497103485693253,0.12594064153676268,0.17834794185770614,0.6409679995453001,0.28234497808903575,43.820369530341885,8.469359238457338,-12.89886059784111,3,0.10868856064906457,0.0
2025-12-01 12:28:25,GOOGL,0.0,,,,0,0,10000,20,0.012642505942497682,0.1656114729944736,0.17587324636500948,0.37909414597874236,0.7151875057812995,0.4105790457074441,48.51959502494379,3.9946488753811726,-7.16056677738087,3,0.13405019063876805,0.0
2025-12-01 12:28:25,GOOGL,0.0,,,,0,0,10000,40,0.022828316889048683,0.1761807201017555,0.20779813684965262,0.13422560606183365,0.5112653753877849,0.27246684485967704,51.02190166971465,3.5599858712496384,-12.883133274568305,3,0.08044287901055822,0.0
2025-12-01 12:28:25,GOOGL,0.0,,,,0,0,10000,40,0.013755044032888823,0.13325968283692247,0.1428047985151594,0.29972040727712873,0.5990346327266112,0.4421518506245735,75.53625868074029,11.875572871606884,-2.3304657420537396,3,0.1490943079840059,0.0
2025-12-01 12:28:25,GOOGL,0.0,,,,0,0,10000,20,0.018133794362303345,0.1969895302986573,0.10923416780432525,0.23107941397090725,0.568527896929221,0.21377651314990925,50.35242366399011,14.343424729169444,-6.744438198170034,3,0.13284875243104463,0.0
2025-12-01 12:28:25,GOOGL,0.0,,,,0,0,10000,40,0.011044923920004054,0.07466673340207185,0.26389963181147036,0.18740498134991138,0.6525236788114408,0.4613147333878367,47.585680461884984,11.360156501629467,-5.975358856807297,3,0.09116178258486796,0.0
2025-12-01 12:28:25,GOOGL,0.0,,,,0,0,10000,20,0.014524737527916377,0.09532394113656431,0.2811366172639759,0.34183099698645536,0.535485672136579,0.22120856781892284,56.84216752382437,4.10725482433754,-12.950048770244969,3,0.12159083250101393,0.0
2025-12-01 12:28:25,GOOGL,0.0,,,,0,0,10000,30,0.013990805078284443,0.12887267715306128,0.10832134290957188,0.33241726575908787,0.7024031435989593,0.46631895689983716,46.276498325479565,11.836581489634154,-4.96198551795138,3,0.1475567101333417,0.0
2025-12-01 12:28:25,GOOGL,0.0,,,,0,0,10000,30,0.02099762884061574,0.17299788993321197,0.10614845325075972,0.3525247250656872,0.5222572215401782,0.36544135987729465,70.19552571395111,10.498586692759966,-14.971190487804307,3,0.12632046369266808,0.0
2025-12-01 12:28:25,GOOGL,0.0,,,,0,0,10000,20,0.013992864542866214,0.1555423432713709,0.1351607526955255,0.37556692008902814,0.7388702938648648,0.2647312799215613,61.89046113439342,12.795337993151714,-10.963599945386221,3,0.12655558663215127,0.0
2025-12-01 12:28:25,GOOGL,0.0,,,,0,0,10000,30,0.011620823355626963,0.10719147382893082,0.16981473366702116,0.16854970259973506,0.5177766780518224,0.1077706011450355,49.1291658417,10.641699526159671,-12.488810562716838,3,0.12217338138688517,0.0
2025-12-01 12:28:25,GOOGL,0.0,,,,0,0,10000,40,0.012566739806821617,0.14763072036160438,0.26596758325600534,0.18580237771216107,0.7340821089089902,0.27188214348453255,48.95923949545031,12.180589962400454,-8.349712112020413,3,0.1310676729093894,0.0
2025-12-01 12:28:25,GOOGL,0.0,,,,0,0,10000,40,0.02451507681183091,0.12766010581135084,0.18977791241735983,0.3132028805439923,0.573093214021751,0.4781257236452904,49.33610947848709,14.00940197334875,-8.741034498179813,3,0.1395158664346398,0.0
2025-12-01 12:28:25,GOOGL,0.0,,,,0,0,10000,40,0.021754576083793685,0.11889825805543394,0.1303623648787066,0.3077907797611091,0.6491839048245638,0.2577055389465598,70.25868541918979,11.159368330971777,-8.4115193950915,3,0.10227040040705938,0.0
2025-12-01 12:28:25,GLD,0.0,,,,0,0,10000,40,0.018427868881588004,0.10808821836169925,0.11816095544039783,0.3566252062381441,0.7050923408136396,0.2836860605164502,56.300949014530346,10.933357722122171,-10.543601141712015,3,0.11427668467188282,0.0
2025-12-01 12:28:26,GLD,0.0,,,,0,0,10000,30,0.024022344203957526,0.07291240625110283,0.18190204807983096,0.3460333126306017,0.7121668972914781,0.37821435039589146,66.80830979807575,13.269578320328366,-3.5499139857262545,3,0.10367115312800954,0.0
2025-12-01 12:28:26,GLD,0.0,,,,0,0,10000,20,0.015009499049409878,0.07437681320896047,0.2418011959911659,0.28347024281887134,0.731078218616435,0.13379870039957611,52.39873286560853,14.342639496909117,-9.766328914304864,3,0.10062284883115911,0.0
2025-12-01 12:28:26,GLD,0.0,,,,0,0,10000,20,0.023974314765752285,0.05782774131723422,0.18735788572382592,0.2505657521046084,0.6117666865529856,0.4531188855215027,50.416090448781596,6.430154512889099,-6.661696889362702,3,0.10256596907304374,0.0
2025-12-01 12:28:26,GLD,0.0,,,,0,0,10000,40,0.012444490474504306,0.11444574230651706,0.10653855071858981,0.3611473970882103,0.6567172993921929,0.4741772797140317,58.19752254687225,13.802502293623437,-7.963827971306173,3,0.13056611288562336,0.0
2025-12-01 12:28:26,GLD,0.0,,,,0,0,10000,40,0.015375201137990145,0.06792255802530288,0.15392452972922185,0.32168325755991656,0.5217751299838305,0.22558133266125058,70.32780548947578,7.468069610351337,-6.325357950696363,3,0.10445311327682001,0.0
2025-12-01 12:28:26,GLD,0.0,,,,0,0,10000,30,0.022493453327231634,0.11909407910903301,0.223576503352584,0.29025241702868676,0.5192919034960432,0.4197734664525833,60.74447150899745,8.57196997111188,-3.6020113408603294,3,0.1325946645422594,0.0
2025-12-01 12:28:26,GLD,0.0,,,,0,0,10000,30,0.021774389217512242,0.06961864902048653,0.27781508789911835,0.31877460115676015,0.5708243252536996,0.43479012502598413,68.79145853703747,3.8564262602721175,-11.859093000424,3,0.08747462542791501,0.0
2025-12-01 12:28:26,GLD,0.0,,,,0,0,10000,40,0.015721502721600084,0.11208887725036107,0.12166601923779263,0.21490268281263725,0.5955344604515906,0.37955848146362836,47.964721670951896,8.123745206328525,-10.128264309899262,3,0.08845284515130843,0.0
2025-12-01 12:28:26,GLD,0.0,,,,0,0,10000,40,0.014766756191203096,0.12190125531517444,0.19036644227694055,0.2952716204206215,0.5385832778712085,0.16347966371490014,66.7033457474754,5.78796912771128,-7.087139704664156,3,0.10494329754784398,0.0
2025-12-01 12:28:26,GLD,0.0,,,,0,0,10000,40,0.015376300527512283,0.055775292418147264,0.1659320112962557,0.3585200477358763,0.6602375370060538,0.32828171727172895,49.86769395447631,9.818532831624957,-12.739618269543598,3,0.14912510838890736,0.0
2025-12-01 12:28:26,GLD,0.0,,,,0,0,10000,20,0.011804411358957882,0.1543328769516752,0.12039312113871146,0.3042417776048083,0.6514605271178289,0.4630098512663271,41.922111523915746,9.740603800125946,-6.352037271231206,3,0.083808080514813,0.0
2025-12-01 12:28:26,GLD,0.0,,,,0,0,10000,30,0.01741287198328181,0.1316492767883396,0.2500522743781536,0.24271160175535256,0.6804341093256836,0.4183327921374448,49.58132037959316,13.618632764454022,-6.9343234575351715,3,0.09103402210497989,0.0
2025-12-01 12:28:26,GLD,0.0,,,,0,0,10000,20,0.020336162701332677,0.15968958535294658,0.11901239851454487,0.11697923866545616,0.59807849464014,0.4518047268163795,76.20564147081669,10.623905997723526,-14.199134804744983,3,0.13607502044116834,0.0
2025-12-01 12:28:26,GLD,0.0,,,,0,0,10000,20,0.02133022494089779,0.16677984307778537,0.28015667791885723,0.27394022203229224,0.7191031635458235,0.41923693384438865,51.93065786614525,6.1032627767267495,-5.351727393363095,3,0.13064750386921192,0.0
2025-12-01 12:28:26,GLD,0.0,,,,0,0,10000,30,0.02147072972374401,0.1607801945092205,0.26994954798325976,0.1854564597423678,0.69231400813292,0.4384710764457822,55.06444194257685,9.281857004483221,-7.66729228665714,3,0.08916544539636102,0.0
2025-12-01 12:28:26,GLD,0.0,,,,0,0,10000,40,0.02191138476098737,0.18317060652738842,0.24640941256423213,0.2432330001383712,0.5346974627001967,0.2715799295462257,75.09682287797823,8.115939197593452,-3.0047093503162685,3,0.09580844901733415,0.0
2025-12-01 12:28:26,GLD,0.0,,,,0,0,10000,40,0.019795583728879816,0.11638435014567686,0.14217713689047634,0.18443882499676895,0.653518454530306,0.3848264543024599,67.83937211823192,10.033123534935513,-6.107141521294473,3,0.08593510325429159,0.0
2025-12-01 12:28:26,GLD,0.0,,,,0,0,10000,20,0.022022015992033656,0.18849356070532836,0.14397770134753324,0.25724088082774604,0.5017212802065323,0.38075673120650677,76.71407026735832,2.0247289733814906,-13.894044246220297,3,0.1004747533845384,0.0
2025-12-01 12:28:26,GLD,0.0,,,,0,0,10000,20,0.022114570860182692,0.10593196186431976,0.14595437309798573,0.37750704065874374,0.6936482629989977,0.22947113024825416,51.15868912804075,5.686799442447558,-9.402939304081022,3,0.0964013757435042,0.0
